threshold,rows,accuracy,balanced_accuracy,macro_f1,roc_auc,precision_target,recall_target,f1_target,normal_fpr,tn,fp,fn,tp,dataset,target_class,policy_variant,feature_set,feature_count,model,fold,metric_scope,train_rows,test_rows,train_groups,test_groups,group_overlap_count,dummy_balanced_accuracy,balanced_accuracy_lift_vs_dummy,fold_balanced_accuracy_std,fold_recall_std,fold_normal_fpr_std,logistic_balanced_accuracy,logistic_recall_target,logistic_normal_fpr,logistic_fold_ba_std,delta_ba_vs_logistic,delta_recall_vs_logistic,delta_fpr_vs_logistic,delta_fold_ba_std_vs_logistic,passes_gate_base,passes_boosting_vs_logistic,decision_candidate,target_decision,overall_decision
0.4,81,0.5679012345679012,0.5,0.36220472440944884,0.5,0.5679012345679012,1.0,0.7244094488188977,1.0,0,35,0,46,activity_no_overlap,activity,no_overlap,compact13,13,dummy_most_frequent,all,aggregate,,81,,,0,0.5,0.0,0.0,0.0,0.0,0.5357142857142857,0.5,0.42857142857142855,0.10184873818507353,-0.0357142857142857,0.5,0.5714285714285714,-0.10184873818507353,False,False,window_label_review_required,gate_iteration_needed,return_to_window_label_design
0.5,81,0.5679012345679012,0.5,0.36220472440944884,0.5,0.5679012345679012,1.0,0.7244094488188977,1.0,0,35,0,46,activity_no_overlap,activity,no_overlap,compact13,13,dummy_most_frequent,all,aggregate,,81,,,0,0.5,0.0,0.0,0.0,0.0,0.5357142857142857,0.5,0.42857142857142855,0.10184873818507353,-0.0357142857142857,0.5,0.5714285714285714,-0.10184873818507353,False,False,window_label_review_required,gate_iteration_needed,return_to_window_label_design
0.6,81,0.5679012345679012,0.5,0.36220472440944884,0.5,0.5679012345679012,1.0,0.7244094488188977,1.0,0,35,0,46,activity_no_overlap,activity,no_overlap,compact13,13,dummy_most_frequent,all,aggregate,,81,,,0,0.5,0.0,0.0,0.0,0.0,0.5357142857142857,0.5,0.42857142857142855,0.10184873818507353,-0.0357142857142857,0.5,0.5714285714285714,-0.10184873818507353,False,False,window_label_review_required,gate_iteration_needed,return_to_window_label_design
0.4,81,0.6790123456790124,0.6593167701863354,0.6603225806451614,0.7931677018633541,0.6851851851851852,0.8043478260869565,0.74,0.4857142857142857,18,17,9,37,activity_no_overlap,activity,no_overlap,compact13,13,lightgbm_balanced,all,aggregate,,81,,,0,0.5,0.1593167701863354,0.06392190806021007,0.09610730990084428,0.10101525445522108,0.5357142857142857,0.5,0.42857142857142855,0.10184873818507353,0.12360248447204969,0.30434782608695654,0.05714285714285716,-0.03792683012486346,False,False,gate_iteration_needed,gate_iteration_needed,return_to_window_label_design
0.5,81,0.7283950617283951,0.7232919254658385,0.7232919254658385,0.7931677018633541,0.7608695652173914,0.7608695652173914,0.7608695652173914,0.3142857142857143,24,11,11,35,activity_no_overlap,activity,no_overlap,compact13,13,lightgbm_balanced,all,aggregate,,81,,,0,0.5,0.22329192546583854,0.06392190806021007,0.09610730990084428,0.10101525445522108,0.5357142857142857,0.5,0.42857142857142855,0.10184873818507353,0.18757763975155284,0.26086956521739135,-0.11428571428571427,-0.03792683012486346,False,True,gate_iteration_needed,gate_iteration_needed,return_to_window_label_design
0.6,81,0.7530864197530864,0.7621118012422361,0.7527472527472527,0.7931677018633541,0.8421052631578947,0.6956521739130435,0.7619047619047619,0.17142857142857143,29,6,14,32,activity_no_overlap,activity,no_overlap,compact13,13,lightgbm_balanced,all,aggregate,,81,,,0,0.5,0.2621118012422361,0.06392190806021007,0.09610730990084428,0.10101525445522108,0.5357142857142857,0.5,0.42857142857142855,0.10184873818507353,0.2263975155279504,0.19565217391304346,-0.2571428571428571,-0.03792683012486346,False,True,gate_iteration_needed,gate_iteration_needed,return_to_window_label_design
0.4,81,0.5185185185185185,0.5043478260869565,0.5036920659858601,0.5211180124223602,0.5714285714285714,0.6086956521739131,0.5894736842105263,0.6,14,21,18,28,activity_no_overlap,activity,no_overlap,compact13,13,logistic_balanced,all,aggregate,,81,,,0,0.5,0.004347826086956497,0.10184873818507353,0.16188822666886069,0.11952286093343935,0.5357142857142857,0.5,0.42857142857142855,0.10184873818507353,-0.0313664596273292,0.10869565217391308,0.17142857142857143,0.0,False,False,window_label_review_required,gate_iteration_needed,return_to_window_label_design
0.5,81,0.5308641975308642,0.5357142857142857,0.5302197802197802,0.5211180124223602,0.6052631578947368,0.5,0.5476190476190477,0.42857142857142855,20,15,23,23,activity_no_overlap,activity,no_overlap,compact13,13,logistic_balanced,all,aggregate,,81,,,0,0.5,0.0357142857142857,0.10184873818507353,0.16188822666886069,0.11952286093343935,0.5357142857142857,0.5,0.42857142857142855,0.10184873818507353,0.0,0.0,0.0,0.0,False,False,window_label_review_required,gate_iteration_needed,return_to_window_label_design
0.6,81,0.5185185185185185,0.5419254658385093,0.5137755887332616,0.5211180124223602,0.6296296296296297,0.3695652173913043,0.4657534246575342,0.2857142857142857,25,10,29,17,activity_no_overlap,activity,no_overlap,compact13,13,logistic_balanced,all,aggregate,,81,,,0,0.5,0.04192546583850931,0.10184873818507353,0.16188822666886069,0.11952286093343935,0.5357142857142857,0.5,0.42857142857142855,0.10184873818507353,0.006211180124223614,-0.13043478260869568,-0.14285714285714285,0.0,False,False,window_label_review_required,gate_iteration_needed,return_to_window_label_design
0.4,81,0.7037037037037037,0.684472049689441,0.6864516129032259,0.7869565217391304,0.7037037037037037,0.8260869565217391,0.76,0.45714285714285713,19,16,8,38,activity_no_overlap,activity,no_overlap,compact13,13,xgboost_balanced,all,aggregate,,81,,,0,0.5,0.18447204968944098,0.07724940487172724,0.07771985209341965,0.1673243825017497,0.5357142857142857,0.5,0.42857142857142855,0.10184873818507353,0.14875776397515528,0.32608695652173914,0.02857142857142858,-0.024599333313346294,False,True,gate_iteration_needed,gate_iteration_needed,return_to_window_label_design
0.5,81,0.7037037037037037,0.7049689440993789,0.7014742014742015,0.7869565217391304,0.7619047619047619,0.6956521739130435,0.7272727272727273,0.2857142857142857,25,10,14,32,activity_no_overlap,activity,no_overlap,compact13,13,xgboost_balanced,all,aggregate,,81,,,0,0.5,0.20496894409937894,0.07724940487172724,0.07771985209341965,0.1673243825017497,0.5357142857142857,0.5,0.42857142857142855,0.10184873818507353,0.16925465838509324,0.19565217391304346,-0.14285714285714285,-0.024599333313346294,False,True,gate_iteration_needed,gate_iteration_needed,return_to_window_label_design
0.6,81,0.7283950617283951,0.7437888198757764,0.7283536585365853,0.7869565217391304,0.8529411764705882,0.6304347826086957,0.725,0.14285714285714285,30,5,17,29,activity_no_overlap,activity,no_overlap,compact13,13,xgboost_balanced,all,aggregate,,81,,,0,0.5,0.24378881987577639,0.07724940487172724,0.07771985209341965,0.1673243825017497,0.5357142857142857,0.5,0.42857142857142855,0.10184873818507353,0.2080745341614907,0.13043478260869568,-0.2857142857142857,-0.024599333313346294,False,True,gate_iteration_needed,gate_iteration_needed,return_to_window_label_design
0.4,81,0.5679012345679012,0.5,0.36220472440944884,0.5,0.5679012345679012,1.0,0.7244094488188977,1.0,0,35,0,46,activity_no_overlap,activity,no_overlap,expanded154,154,dummy_most_frequent,all,aggregate,,81,,,0,0.5,0.0,0.0,0.0,0.0,0.7335403726708074,0.6956521739130435,0.22857142857142856,0.10338996144202847,-0.2335403726708074,0.30434782608695654,0.7714285714285715,-0.10338996144202847,False,False,window_label_review_required,gate_iteration_needed,return_to_window_label_design
0.5,81,0.5679012345679012,0.5,0.36220472440944884,0.5,0.5679012345679012,1.0,0.7244094488188977,1.0,0,35,0,46,activity_no_overlap,activity,no_overlap,expanded154,154,dummy_most_frequent,all,aggregate,,81,,,0,0.5,0.0,0.0,0.0,0.0,0.7335403726708074,0.6956521739130435,0.22857142857142856,0.10338996144202847,-0.2335403726708074,0.30434782608695654,0.7714285714285715,-0.10338996144202847,False,False,window_label_review_required,gate_iteration_needed,return_to_window_label_design
0.6,81,0.5679012345679012,0.5,0.36220472440944884,0.5,0.5679012345679012,1.0,0.7244094488188977,1.0,0,35,0,46,activity_no_overlap,activity,no_overlap,expanded154,154,dummy_most_frequent,all,aggregate,,81,,,0,0.5,0.0,0.0,0.0,0.0,0.7335403726708074,0.6956521739130435,0.22857142857142856,0.10338996144202847,-0.2335403726708074,0.30434782608695654,0.7714285714285715,-0.10338996144202847,False,False,window_label_review_required,gate_iteration_needed,return_to_window_label_design
0.4,81,0.7160493827160493,0.7055900621118012,0.7073055773762765,0.8043478260869565,0.7346938775510204,0.782608695652174,0.7578947368421053,0.37142857142857144,22,13,10,36,activity_no_overlap,activity,no_overlap,expanded154,154,lightgbm_balanced,all,aggregate,,81,,,0,0.5,0.2055900621118012,0.052873615098604394,0.12057172530200785,0.14213607704975176,0.7335403726708074,0.6956521739130435,0.22857142857142856,0.10338996144202847,-0.02795031055900621,0.08695652173913049,0.14285714285714288,-0.05051634634342408,False,False,gate_iteration_needed,gate_iteration_needed,return_to_window_label_design
0.5,81,0.7160493827160493,0.7124223602484472,0.7116545426404581,0.8043478260869565,0.7555555555555555,0.7391304347826086,0.7472527472527473,0.3142857142857143,24,11,12,34,activity_no_overlap,activity,no_overlap,expanded154,154,lightgbm_balanced,all,aggregate,,81,,,0,0.5,0.21242236024844718,0.052873615098604394,0.12057172530200785,0.14213607704975176,0.7335403726708074,0.6956521739130435,0.22857142857142856,0.10338996144202847,-0.02111801242236022,0.04347826086956519,0.08571428571428572,-0.05051634634342408,False,False,gate_iteration_needed,gate_iteration_needed,return_to_window_label_design
0.6,81,0.7777777777777778,0.7838509316770186,0.7769277845777234,0.8043478260869565,0.85,0.7391304347826086,0.7906976744186046,0.17142857142857143,29,6,12,34,activity_no_overlap,activity,no_overlap,expanded154,154,lightgbm_balanced,all,aggregate,,81,,,0,0.5,0.2838509316770186,0.052873615098604394,0.12057172530200785,0.14213607704975176,0.7335403726708074,0.6956521739130435,0.22857142857142856,0.10338996144202847,0.050310559006211175,0.04347826086956519,-0.057142857142857134,-0.05051634634342408,False,True,gate_iteration_needed,gate_iteration_needed,return_to_window_label_design
0.4,81,0.7283950617283951,0.7301242236024845,0.7263513513513513,0.8217391304347826,0.7857142857142857,0.717391304347826,0.75,0.2571428571428571,26,9,13,33,activity_no_overlap,activity,no_overlap,expanded154,154,logistic_balanced,all,aggregate,,81,,,0,0.5,0.23012422360248452,0.10338996144202847,0.12383241546615091,0.21295885499997996,0.7335403726708074,0.6956521739130435,0.22857142857142856,0.10338996144202847,-0.0034161490683228823,0.021739130434782594,0.028571428571428553,0.0,False,False,gate_iteration_needed,gate_iteration_needed,return_to_window_label_design
0.5,81,0.7283950617283951,0.7335403726708074,0.7273561811505508,0.8217391304347826,0.8,0.6956521739130435,0.7441860465116279,0.22857142857142856,27,8,14,32,activity_no_overlap,activity,no_overlap,expanded154,154,logistic_balanced,all,aggregate,,81,,,0,0.5,0.2335403726708074,0.10338996144202847,0.12383241546615091,0.21295885499997996,0.7335403726708074,0.6956521739130435,0.22857142857142856,0.10338996144202847,0.0,0.0,0.0,0.0,False,False,gate_iteration_needed,gate_iteration_needed,return_to_window_label_design
0.6,81,0.7530864197530864,0.7621118012422361,0.7527472527472527,0.8217391304347826,0.8421052631578947,0.6956521739130435,0.7619047619047619,0.17142857142857143,29,6,14,32,activity_no_overlap,activity,no_overlap,expanded154,154,logistic_balanced,all,aggregate,,81,,,0,0.5,0.2621118012422361,0.10338996144202847,0.12383241546615091,0.21295885499997996,0.7335403726708074,0.6956521739130435,0.22857142857142856,0.10338996144202847,0.028571428571428692,0.0,-0.057142857142857134,0.0,False,False,gate_iteration_needed,gate_iteration_needed,return_to_window_label_design
0.4,81,0.6666666666666666,0.658695652173913,0.6591865357643759,0.7819875776397516,0.7021276595744681,0.717391304347826,0.7096774193548387,0.4,21,14,13,33,activity_no_overlap,activity,no_overlap,expanded154,154,xgboost_balanced,all,aggregate,,81,,,0,0.5,0.15869565217391302,0.1467657268282639,0.13293946928708217,0.2151931843157764,0.7335403726708074,0.6956521739130435,0.22857142857142856,0.10338996144202847,-0.07484472049689439,0.021739130434782594,0.17142857142857146,0.043375765386235415,False,False,gate_iteration_needed,gate_iteration_needed,return_to_window_label_design
0.5,81,0.7037037037037037,0.7049689440993789,0.7014742014742015,0.7819875776397516,0.7619047619047619,0.6956521739130435,0.7272727272727273,0.2857142857142857,25,10,14,32,activity_no_overlap,activity,no_overlap,expanded154,154,xgboost_balanced,all,aggregate,,81,,,0,0.5,0.20496894409937894,0.1467657268282639,0.13293946928708217,0.2151931843157764,0.7335403726708074,0.6956521739130435,0.22857142857142856,0.10338996144202847,-0.02857142857142847,0.0,0.057142857142857134,0.043375765386235415,False,False,gate_iteration_needed,gate_iteration_needed,return_to_window_label_design
0.6,81,0.7407407407407407,0.7546583850931676,0.7407407407407407,0.7819875776397516,0.8571428571428571,0.6521739130434783,0.7407407407407407,0.14285714285714285,30,5,16,30,activity_no_overlap,activity,no_overlap,expanded154,154,xgboost_balanced,all,aggregate,,81,,,0,0.5,0.2546583850931676,0.1467657268282639,0.13293946928708217,0.2151931843157764,0.7335403726708074,0.6956521739130435,0.22857142857142856,0.10338996144202847,0.02111801242236022,-0.04347826086956519,-0.08571428571428572,0.043375765386235415,False,False,gate_iteration_needed,gate_iteration_needed,return_to_window_label_design
0.4,81,0.5679012345679012,0.5,0.36220472440944884,0.5,0.5679012345679012,1.0,0.7244094488188977,1.0,0,35,0,46,activity_post_all,activity,post_all,compact13,13,dummy_most_frequent,all,aggregate,,81,,,0,0.5,0.0,0.0,0.0,0.0,0.3739130434782609,0.34782608695652173,0.6,0.07029580178109762,0.12608695652173912,0.6521739130434783,0.4,-0.07029580178109762,False,False,window_label_review_required,gate_iteration_needed,return_to_window_label_design
0.5,81,0.5679012345679012,0.5,0.36220472440944884,0.5,0.5679012345679012,1.0,0.7244094488188977,1.0,0,35,0,46,activity_post_all,activity,post_all,compact13,13,dummy_most_frequent,all,aggregate,,81,,,0,0.5,0.0,0.0,0.0,0.0,0.3739130434782609,0.34782608695652173,0.6,0.07029580178109762,0.12608695652173912,0.6521739130434783,0.4,-0.07029580178109762,False,False,window_label_review_required,gate_iteration_needed,return_to_window_label_design
0.6,81,0.5679012345679012,0.5,0.36220472440944884,0.5,0.5679012345679012,1.0,0.7244094488188977,1.0,0,35,0,46,activity_post_all,activity,post_all,compact13,13,dummy_most_frequent,all,aggregate,,81,,,0,0.5,0.0,0.0,0.0,0.0,0.3739130434782609,0.34782608695652173,0.6,0.07029580178109762,0.12608695652173912,0.6521739130434783,0.4,-0.07029580178109762,False,False,window_label_review_required,gate_iteration_needed,return_to_window_label_design
0.4,81,0.6049382716049383,0.5872670807453416,0.5867346938775511,0.5875776397515527,0.6346153846153846,0.717391304347826,0.673469387755102,0.5428571428571428,16,19,13,33,activity_post_all,activity,post_all,compact13,13,lightgbm_balanced,all,aggregate,,81,,,0,0.5,0.08726708074534162,0.11934301974478434,0.20190451232888643,0.14546235613434216,0.3739130434782609,0.34782608695652173,0.6,0.07029580178109762,0.21335403726708074,0.3695652173913043,-0.05714285714285716,0.04904721796368672,False,False,window_label_review_required,gate_iteration_needed,return_to_window_label_design
0.5,81,0.5925925925925926,0.5900621118012422,0.5885793443127597,0.5875776397515527,0.6511627906976745,0.6086956521739131,0.6292134831460674,0.42857142857142855,20,15,18,28,activity_post_all,activity,post_all,compact13,13,lightgbm_balanced,all,aggregate,,81,,,0,0.5,0.09006211180124224,0.11934301974478434,0.20190451232888643,0.14546235613434216,0.3739130434782609,0.34782608695652173,0.6,0.07029580178109762,0.21614906832298136,0.26086956521739135,-0.17142857142857143,0.04904721796368672,False,False,window_label_review_required,gate_iteration_needed,return_to_window_label_design
0.6,81,0.5432098765432098,0.5534161490683229,0.5432098765432098,0.5875776397515527,0.6285714285714286,0.4782608695652174,0.5432098765432098,0.37142857142857144,22,13,24,22,activity_post_all,activity,post_all,compact13,13,lightgbm_balanced,all,aggregate,,81,,,0,0.5,0.05341614906832293,0.11934301974478434,0.20190451232888643,0.14546235613434216,0.3739130434782609,0.34782608695652173,0.6,0.07029580178109762,0.17950310559006205,0.13043478260869568,-0.22857142857142854,0.04904721796368672,False,False,window_label_review_required,gate_iteration_needed,return_to_window_label_design
0.4,81,0.49382716049382713,0.465527950310559,0.4535132466677637,0.3732919254658385,0.543859649122807,0.6739130434782609,0.6019417475728155,0.7428571428571429,9,26,15,31,activity_post_all,activity,post_all,compact13,13,logistic_balanced,all,aggregate,,81,,,0,0.5,-0.03447204968944101,0.07029580178109762,0.18619401138743213,0.10923875949480441,0.3739130434782609,0.34782608695652173,0.6,0.07029580178109762,0.09161490683229812,0.32608695652173914,0.1428571428571429,0.0,False,False,window_label_review_required,gate_iteration_needed,return_to_window_label_design
0.5,81,0.37037037037037035,0.3739130434782609,0.36998627421076713,0.3732919254658385,0.43243243243243246,0.34782608695652173,0.3855421686746988,0.6,14,21,30,16,activity_post_all,activity,post_all,compact13,13,logistic_balanced,all,aggregate,,81,,,0,0.5,-0.12608695652173912,0.07029580178109762,0.18619401138743213,0.10923875949480441,0.3739130434782609,0.34782608695652173,0.6,0.07029580178109762,0.0,0.0,0.0,0.0,False,False,window_label_review_required,gate_iteration_needed,return_to_window_label_design
0.6,81,0.38271604938271603,0.415527950310559,0.3607954545454546,0.3732919254658385,0.4,0.17391304347826086,0.24242424242424243,0.34285714285714286,23,12,38,8,activity_post_all,activity,post_all,compact13,13,logistic_balanced,all,aggregate,,81,,,0,0.5,-0.084472049689441,0.07029580178109762,0.18619401138743213,0.10923875949480441,0.3739130434782609,0.34782608695652173,0.6,0.07029580178109762,0.041614906832298126,-0.17391304347826086,-0.2571428571428571,0.0,False,False,window_label_review_required,gate_iteration_needed,return_to_window_label_design
0.4,81,0.5679012345679012,0.5444099378881988,0.5398474273656874,0.6055900621118012,0.6,0.717391304347826,0.6534653465346535,0.6285714285714286,13,22,13,33,activity_post_all,activity,post_all,compact13,13,xgboost_balanced,all,aggregate,,81,,,0,0.5,0.0444099378881988,0.11059504943571197,0.1988547456726724,0.12481562365864719,0.3739130434782609,0.34782608695652173,0.6,0.07029580178109762,0.17049689440993793,0.3695652173913043,0.02857142857142858,0.040299247654614345,False,False,window_label_review_required,gate_iteration_needed,return_to_window_label_design
0.5,81,0.5802469135802469,0.568944099378882,0.5691489361702128,0.6055900621118012,0.625,0.6521739130434783,0.6382978723404256,0.5142857142857142,17,18,16,30,activity_post_all,activity,post_all,compact13,13,xgboost_balanced,all,aggregate,,81,,,0,0.5,0.06894409937888202,0.11059504943571197,0.1988547456726724,0.12481562365864719,0.3739130434782609,0.34782608695652173,0.6,0.07029580178109762,0.19503105590062114,0.30434782608695654,-0.08571428571428574,0.040299247654614345,False,False,window_label_review_required,gate_iteration_needed,return_to_window_label_design
0.6,81,0.5679012345679012,0.5819875776397516,0.5676376391642519,0.6055900621118012,0.6666666666666666,0.4782608695652174,0.5569620253164557,0.3142857142857143,24,11,24,22,activity_post_all,activity,post_all,compact13,13,xgboost_balanced,all,aggregate,,81,,,0,0.5,0.08198757763975162,0.11059504943571197,0.1988547456726724,0.12481562365864719,0.3739130434782609,0.34782608695652173,0.6,0.07029580178109762,0.20807453416149074,0.13043478260869568,-0.2857142857142857,0.040299247654614345,False,False,window_label_review_required,gate_iteration_needed,return_to_window_label_design
0.4,81,0.5679012345679012,0.5,0.36220472440944884,0.5,0.5679012345679012,1.0,0.7244094488188977,1.0,0,35,0,46,activity_post_all,activity,post_all,expanded154,154,dummy_most_frequent,all,aggregate,,81,,,0,0.5,0.0,0.0,0.0,0.0,0.658695652173913,0.717391304347826,0.4,0.12760849108395808,-0.15869565217391302,0.28260869565217395,0.6,-0.12760849108395808,False,False,window_label_review_required,gate_iteration_needed,return_to_window_label_design
0.5,81,0.5679012345679012,0.5,0.36220472440944884,0.5,0.5679012345679012,1.0,0.7244094488188977,1.0,0,35,0,46,activity_post_all,activity,post_all,expanded154,154,dummy_most_frequent,all,aggregate,,81,,,0,0.5,0.0,0.0,0.0,0.0,0.658695652173913,0.717391304347826,0.4,0.12760849108395808,-0.15869565217391302,0.28260869565217395,0.6,-0.12760849108395808,False,False,window_label_review_required,gate_iteration_needed,return_to_window_label_design
0.6,81,0.5679012345679012,0.5,0.36220472440944884,0.5,0.5679012345679012,1.0,0.7244094488188977,1.0,0,35,0,46,activity_post_all,activity,post_all,expanded154,154,dummy_most_frequent,all,aggregate,,81,,,0,0.5,0.0,0.0,0.0,0.0,0.658695652173913,0.717391304347826,0.4,0.12760849108395808,-0.15869565217391302,0.28260869565217395,0.6,-0.12760849108395808,False,False,window_label_review_required,gate_iteration_needed,return_to_window_label_design
0.4,81,0.6419753086419753,0.6232919254658386,0.6233766233766234,0.7459627329192546,0.660377358490566,0.7608695652173914,0.7070707070707071,0.5142857142857142,17,18,11,35,activity_post_all,activity,post_all,expanded154,154,lightgbm_balanced,all,aggregate,,81,,,0,0.5,0.12329192546583856,0.16013603595879855,0.16338906834400208,0.30865262012381667,0.658695652173913,0.717391304347826,0.4,0.12760849108395808,-0.03540372670807446,0.0434782608695653,0.11428571428571421,0.03252754487484047,False,False,window_label_review_required,gate_iteration_needed,return_to_window_label_design
0.5,81,0.6790123456790124,0.6695652173913043,0.6705256570713392,0.7459627329192546,0.7083333333333334,0.7391304347826086,0.723404255319149,0.4,21,14,12,34,activity_post_all,activity,post_all,expanded154,154,lightgbm_balanced,all,aggregate,,81,,,0,0.5,0.16956521739130426,0.16013603595879855,0.16338906834400208,0.30865262012381667,0.658695652173913,0.717391304347826,0.4,0.12760849108395808,0.010869565217391242,0.021739130434782594,0.0,0.03252754487484047,False,False,gate_iteration_needed,gate_iteration_needed,return_to_window_label_design
0.6,81,0.691358024691358,0.6940993788819876,0.6896551724137931,0.7459627329192546,0.7560975609756098,0.6739130434782609,0.7126436781609196,0.2857142857142857,25,10,15,31,activity_post_all,activity,post_all,expanded154,154,lightgbm_balanced,all,aggregate,,81,,,0,0.5,0.19409937888198758,0.16013603595879855,0.16338906834400208,0.30865262012381667,0.658695652173913,0.717391304347826,0.4,0.12760849108395808,0.03540372670807457,-0.04347826086956519,-0.11428571428571432,0.03252754487484047,False,False,gate_iteration_needed,gate_iteration_needed,return_to_window_label_design
0.4,81,0.6666666666666666,0.6518633540372671,0.6531324345757336,0.7298136645962733,0.6862745098039216,0.7608695652173914,0.7216494845360825,0.45714285714285713,19,16,11,35,activity_post_all,activity,post_all,expanded154,154,logistic_balanced,all,aggregate,,81,,,0,0.5,0.15186335403726714,0.12760849108395808,0.12919503869998786,0.23628778237516482,0.658695652173913,0.717391304347826,0.4,0.12760849108395808,-0.006832298136645876,0.0434782608695653,0.057142857142857106,0.0,False,False,gate_iteration_needed,gate_iteration_needed,return_to_window_label_design
0.5,81,0.6666666666666666,0.658695652173913,0.6591865357643759,0.7298136645962733,0.7021276595744681,0.717391304347826,0.7096774193548387,0.4,21,14,13,33,activity_post_all,activity,post_all,expanded154,154,logistic_balanced,all,aggregate,,81,,,0,0.5,0.15869565217391302,0.12760849108395808,0.12919503869998786,0.23628778237516482,0.658695652173913,0.717391304347826,0.4,0.12760849108395808,0.0,0.0,0.0,0.0,False,False,gate_iteration_needed,gate_iteration_needed,return_to_window_label_design
0.6,81,0.6790123456790124,0.6798136645962733,0.6765970515970516,0.7298136645962733,0.7380952380952381,0.6739130434782609,0.7045454545454546,0.3142857142857143,24,11,15,31,activity_post_all,activity,post_all,expanded154,154,logistic_balanced,all,aggregate,,81,,,0,0.5,0.17981366459627335,0.12760849108395808,0.12919503869998786,0.23628778237516482,0.658695652173913,0.717391304347826,0.4,0.12760849108395808,0.021118012422360333,-0.04347826086956519,-0.08571428571428574,0.0,False,False,gate_iteration_needed,gate_iteration_needed,return_to_window_label_design
0.4,81,0.691358024691358,0.6736024844720496,0.6753246753246753,0.7614906832298136,0.6981132075471698,0.8043478260869565,0.7474747474747475,0.45714285714285713,19,16,9,37,activity_post_all,activity,post_all,expanded154,154,xgboost_balanced,all,aggregate,,81,,,0,0.5,0.17360248447204962,0.09956061744981885,0.15864491758812574,0.26777776601650316,0.658695652173913,0.717391304347826,0.4,0.12760849108395808,0.014906832298136607,0.08695652173913049,0.057142857142857106,-0.028047873634139228,False,False,gate_iteration_needed,gate_iteration_needed,return_to_window_label_design
0.5,81,0.7407407407407407,0.7409937888198758,0.7381868554717561,0.7614906832298136,0.7906976744186046,0.7391304347826086,0.7640449438202247,0.2571428571428571,26,9,12,34,activity_post_all,activity,post_all,expanded154,154,xgboost_balanced,all,aggregate,,81,,,0,0.5,0.24099378881987576,0.09956061744981885,0.15864491758812574,0.26777776601650316,0.658695652173913,0.717391304347826,0.4,0.12760849108395808,0.08229813664596275,0.021739130434782594,-0.1428571428571429,-0.028047873634139228,False,True,gate_iteration_needed,gate_iteration_needed,return_to_window_label_design
0.6,81,0.7530864197530864,0.765527950310559,0.7530487804878049,0.7614906832298136,0.8611111111111112,0.6739130434782609,0.7560975609756098,0.14285714285714285,30,5,15,31,activity_post_all,activity,post_all,expanded154,154,xgboost_balanced,all,aggregate,,81,,,0,0.5,0.265527950310559,0.09956061744981885,0.15864491758812574,0.26777776601650316,0.658695652173913,0.717391304347826,0.4,0.12760849108395808,0.10683229813664596,-0.04347826086956519,-0.2571428571428572,-0.028047873634139228,False,True,gate_iteration_needed,gate_iteration_needed,return_to_window_label_design
0.4,82,0.573170731707317,0.5,0.3643410852713178,0.5,0.573170731707317,1.0,0.7286821705426356,1.0,0,35,0,47,activity_pre_all,activity,pre_all,compact13,13,dummy_most_frequent,all,aggregate,,82,,,0,0.5,0.0,0.0,0.0,0.0,0.5267477203647416,0.5106382978723404,0.45714285714285713,0.06916886931989848,-0.0267477203647416,0.4893617021276596,0.5428571428571429,-0.06916886931989848,False,False,window_label_review_required,gate_iteration_needed,return_to_window_label_design
0.5,82,0.573170731707317,0.5,0.3643410852713178,0.5,0.573170731707317,1.0,0.7286821705426356,1.0,0,35,0,47,activity_pre_all,activity,pre_all,compact13,13,dummy_most_frequent,all,aggregate,,82,,,0,0.5,0.0,0.0,0.0,0.0,0.5267477203647416,0.5106382978723404,0.45714285714285713,0.06916886931989848,-0.0267477203647416,0.4893617021276596,0.5428571428571429,-0.06916886931989848,False,False,window_label_review_required,gate_iteration_needed,return_to_window_label_design
0.6,82,0.573170731707317,0.5,0.3643410852713178,0.5,0.573170731707317,1.0,0.7286821705426356,1.0,0,35,0,47,activity_pre_all,activity,pre_all,compact13,13,dummy_most_frequent,all,aggregate,,82,,,0,0.5,0.0,0.0,0.0,0.0,0.5267477203647416,0.5106382978723404,0.45714285714285713,0.06916886931989848,-0.0267477203647416,0.4893617021276596,0.5428571428571429,-0.06916886931989848,False,False,window_label_review_required,gate_iteration_needed,return_to_window_label_design
0.4,82,0.6463414634146342,0.6258358662613982,0.6262769134056263,0.758966565349544,0.6666666666666666,0.7659574468085106,0.7128712871287128,0.5142857142857142,17,18,11,36,activity_pre_all,activity,pre_all,compact13,13,lightgbm_balanced,all,aggregate,,82,,,0,0.5,0.1258358662613982,0.11582054693779739,0.11495833811052505,0.17928429140015903,0.5267477203647416,0.5106382978723404,0.45714285714285713,0.06916886931989848,0.0990881458966566,0.25531914893617025,0.057142857142857106,0.046651677617898915,False,False,window_label_review_required,gate_iteration_needed,return_to_window_label_design
0.5,82,0.6463414634146342,0.6404255319148936,0.6398606693927003,0.758966565349544,0.6956521739130435,0.6808510638297872,0.6881720430107527,0.4,21,14,15,32,activity_pre_all,activity,pre_all,compact13,13,lightgbm_balanced,all,aggregate,,82,,,0,0.5,0.1404255319148936,0.11582054693779739,0.11495833811052505,0.17928429140015903,0.5267477203647416,0.5106382978723404,0.45714285714285713,0.06916886931989848,0.113677811550152,0.17021276595744683,-0.057142857142857106,0.046651677617898915,False,False,window_label_review_required,gate_iteration_needed,return_to_window_label_design
0.6,82,0.6951219512195121,0.71580547112462,0.6947133283693224,0.758966565349544,0.84375,0.574468085106383,0.6835443037974683,0.14285714285714285,30,5,20,27,activity_pre_all,activity,pre_all,compact13,13,lightgbm_balanced,all,aggregate,,82,,,0,0.5,0.21580547112462,0.11582054693779739,0.11495833811052505,0.17928429140015903,0.5267477203647416,0.5106382978723404,0.45714285714285713,0.06916886931989848,0.1890577507598784,0.06382978723404265,-0.3142857142857143,0.046651677617898915,False,False,gate_iteration_needed,gate_iteration_needed,return_to_window_label_design
0.4,82,0.5853658536585366,0.572644376899696,0.5729166666666667,0.5525835866261399,0.6326530612244898,0.6595744680851063,0.6458333333333334,0.5142857142857142,17,18,16,31,activity_pre_all,activity,pre_all,compact13,13,logistic_balanced,all,aggregate,,82,,,0,0.5,0.07264437689969605,0.06916886931989848,0.16421150843084595,0.15294260331672482,0.5267477203647416,0.5106382978723404,0.45714285714285713,0.06916886931989848,0.04589665653495445,0.14893617021276595,0.057142857142857106,0.0,False,False,window_label_review_required,gate_iteration_needed,return_to_window_label_design
0.5,82,0.524390243902439,0.5267477203647416,0.522615315718764,0.5525835866261399,0.6,0.5106382978723404,0.5517241379310345,0.45714285714285713,19,16,23,24,activity_pre_all,activity,pre_all,compact13,13,logistic_balanced,all,aggregate,,82,,,0,0.5,0.0267477203647416,0.06916886931989848,0.16421150843084595,0.15294260331672482,0.5267477203647416,0.5106382978723404,0.45714285714285713,0.06916886931989848,0.0,0.0,0.0,0.0,False,False,window_label_review_required,gate_iteration_needed,return_to_window_label_design
0.6,82,0.5,0.5200607902735562,0.49813404985818777,0.5525835866261399,0.6,0.3829787234042553,0.4675324675324675,0.34285714285714286,23,12,29,18,activity_pre_all,activity,pre_all,compact13,13,logistic_balanced,all,aggregate,,82,,,0,0.5,0.020060790273556228,0.06916886931989848,0.16421150843084595,0.15294260331672482,0.5267477203647416,0.5106382978723404,0.45714285714285713,0.06916886931989848,-0.006686930091185372,-0.12765957446808507,-0.11428571428571427,0.0,False,False,window_label_review_required,gate_iteration_needed,return_to_window_label_design
0.4,82,0.7073170731707317,0.6899696048632218,0.6925,0.7890577507598784,0.7169811320754716,0.8085106382978723,0.76,0.42857142857142855,20,15,9,38,activity_pre_all,activity,pre_all,compact13,13,xgboost_balanced,all,aggregate,,82,,,0,0.5,0.18996960486322179,0.11150956051463845,0.13511144304172146,0.14907119849998596,0.5267477203647416,0.5106382978723404,0.45714285714285713,0.06916886931989848,0.16322188449848019,0.2978723404255319,-0.02857142857142858,0.042340691194739974,False,False,gate_iteration_needed,gate_iteration_needed,return_to_window_label_design
0.5,82,0.7073170731707317,0.7082066869300911,0.7045045045045044,0.7890577507598784,0.7674418604651163,0.7021276595744681,0.7333333333333333,0.2857142857142857,25,10,14,33,activity_pre_all,activity,pre_all,compact13,13,xgboost_balanced,all,aggregate,,82,,,0,0.5,0.20820668693009114,0.11150956051463845,0.13511144304172146,0.14907119849998596,0.5267477203647416,0.5106382978723404,0.45714285714285713,0.06916886931989848,0.18145896656534954,0.19148936170212771,-0.17142857142857143,0.042340691194739974,False,False,gate_iteration_needed,gate_iteration_needed,return_to_window_label_design
0.6,82,0.7073170731707317,0.7264437689969605,0.7071428571428571,0.7890577507598784,0.8484848484848485,0.5957446808510638,0.7,0.14285714285714285,30,5,19,28,activity_pre_all,activity,pre_all,compact13,13,xgboost_balanced,all,aggregate,,82,,,0,0.5,0.2264437689969605,0.11150956051463845,0.13511144304172146,0.14907119849998596,0.5267477203647416,0.5106382978723404,0.45714285714285713,0.06916886931989848,0.1996960486322189,0.08510638297872342,-0.3142857142857143,0.042340691194739974,False,False,gate_iteration_needed,gate_iteration_needed,return_to_window_label_design
0.4,82,0.573170731707317,0.5,0.3643410852713178,0.5,0.573170731707317,1.0,0.7286821705426356,1.0,0,35,0,47,activity_pre_all,activity,pre_all,expanded154,154,dummy_most_frequent,all,aggregate,,82,,,0,0.5,0.0,0.0,0.0,0.0,0.7936170212765958,0.7872340425531915,0.2,0.010767065766280969,-0.29361702127659584,0.21276595744680848,0.8,-0.010767065766280969,False,False,window_label_review_required,gate_iteration_needed,return_to_window_label_design
0.5,82,0.573170731707317,0.5,0.3643410852713178,0.5,0.573170731707317,1.0,0.7286821705426356,1.0,0,35,0,47,activity_pre_all,activity,pre_all,expanded154,154,dummy_most_frequent,all,aggregate,,82,,,0,0.5,0.0,0.0,0.0,0.0,0.7936170212765958,0.7872340425531915,0.2,0.010767065766280969,-0.29361702127659584,0.21276595744680848,0.8,-0.010767065766280969,False,False,window_label_review_required,gate_iteration_needed,return_to_window_label_design
0.6,82,0.573170731707317,0.5,0.3643410852713178,0.5,0.573170731707317,1.0,0.7286821705426356,1.0,0,35,0,47,activity_pre_all,activity,pre_all,expanded154,154,dummy_most_frequent,all,aggregate,,82,,,0,0.5,0.0,0.0,0.0,0.0,0.7936170212765958,0.7872340425531915,0.2,0.010767065766280969,-0.29361702127659584,0.21276595744680848,0.8,-0.010767065766280969,False,False,window_label_review_required,gate_iteration_needed,return_to_window_label_design
0.4,82,0.6463414634146342,0.6404255319148936,0.6398606693927003,0.7544072948328268,0.6956521739130435,0.6808510638297872,0.6881720430107527,0.4,21,14,15,32,activity_pre_all,activity,pre_all,expanded154,154,lightgbm_balanced,all,aggregate,,82,,,0,0.5,0.1404255319148936,0.08425889067390077,0.07360570938123437,0.10796641159057771,0.7936170212765958,0.7872340425531915,0.2,0.010767065766280969,-0.15319148936170224,-0.1063829787234043,0.2,0.0734918249076198,False,False,window_label_review_required,gate_iteration_needed,return_to_window_label_design
0.5,82,0.6951219512195121,0.7012158054711246,0.6939841767427974,0.7544072948328268,0.775,0.6595744680851063,0.7126436781609196,0.2571428571428571,26,9,16,31,activity_pre_all,activity,pre_all,expanded154,154,lightgbm_balanced,all,aggregate,,82,,,0,0.5,0.2012158054711246,0.08425889067390077,0.07360570938123437,0.10796641159057771,0.7936170212765958,0.7872340425531915,0.2,0.010767065766280969,-0.09240121580547123,-0.12765957446808518,0.057142857142857106,0.0734918249076198,False,False,gate_iteration_needed,gate_iteration_needed,return_to_window_label_design
0.6,82,0.7317073170731707,0.7440729483282675,0.7315476190476191,0.7544072948328268,0.8378378378378378,0.6595744680851063,0.7380952380952381,0.17142857142857143,29,6,16,31,activity_pre_all,activity,pre_all,expanded154,154,lightgbm_balanced,all,aggregate,,82,,,0,0.5,0.24407294832826754,0.08425889067390077,0.07360570938123437,0.10796641159057771,0.7936170212765958,0.7872340425531915,0.2,0.010767065766280969,-0.0495440729483283,-0.12765957446808518,-0.02857142857142858,0.0734918249076198,False,False,gate_iteration_needed,gate_iteration_needed,return_to_window_label_design
0.4,82,0.8048780487804879,0.8006079027355624,0.8006079027355624,0.8851063829787233,0.8297872340425532,0.8297872340425532,0.8297872340425532,0.22857142857142856,27,8,8,39,activity_pre_all,activity,pre_all,expanded154,154,logistic_balanced,all,aggregate,,82,,,0,0.5,0.30060790273556237,0.010767065766280969,0.08494362542965654,0.09631092176276608,0.7936170212765958,0.7872340425531915,0.2,0.010767065766280969,0.006990881458966536,0.04255319148936165,0.028571428571428553,0.0,True,False,logistic_gate_candidate,gate_iteration_needed,return_to_window_label_design
0.5,82,0.7926829268292683,0.7936170212765958,0.790155050429023,0.8851063829787233,0.8409090909090909,0.7872340425531915,0.8131868131868132,0.2,28,7,10,37,activity_pre_all,activity,pre_all,expanded154,154,logistic_balanced,all,aggregate,,82,,,0,0.5,0.29361702127659584,0.010767065766280969,0.08494362542965654,0.09631092176276608,0.7936170212765958,0.7872340425531915,0.2,0.010767065766280969,0.0,0.0,0.0,0.0,False,False,gate_iteration_needed,gate_iteration_needed,return_to_window_label_design
0.6,82,0.8048780487804879,0.8079027355623101,0.803003003003003,0.8851063829787233,0.8604651162790697,0.7872340425531915,0.8222222222222222,0.17142857142857143,29,6,10,37,activity_pre_all,activity,pre_all,expanded154,154,logistic_balanced,all,aggregate,,82,,,0,0.5,0.30790273556231007,0.010767065766280969,0.08494362542965654,0.09631092176276608,0.7936170212765958,0.7872340425531915,0.2,0.010767065766280969,0.014285714285714235,0.0,-0.02857142857142858,0.0,False,False,gate_iteration_needed,gate_iteration_needed,return_to_window_label_design
0.4,82,0.6707317073170732,0.6653495440729483,0.6646978646069968,0.7659574468085106,0.717391304347826,0.7021276595744681,0.7096774193548387,0.37142857142857144,22,13,14,33,activity_pre_all,activity,pre_all,expanded154,154,xgboost_balanced,all,aggregate,,82,,,0,0.5,0.16534954407294833,0.08423681154638474,0.12368812729792265,0.1079664115905777,0.7936170212765958,0.7872340425531915,0.2,0.010767065766280969,-0.1282674772036475,-0.08510638297872342,0.17142857142857143,0.07346974578010376,False,False,gate_iteration_needed,gate_iteration_needed,return_to_window_label_design
0.5,82,0.6951219512195121,0.7012158054711246,0.6939841767427974,0.7659574468085106,0.775,0.6595744680851063,0.7126436781609196,0.2571428571428571,26,9,16,31,activity_pre_all,activity,pre_all,expanded154,154,xgboost_balanced,all,aggregate,,82,,,0,0.5,0.2012158054711246,0.08423681154638474,0.12368812729792265,0.1079664115905777,0.7936170212765958,0.7872340425531915,0.2,0.010767065766280969,-0.09240121580547123,-0.12765957446808518,0.057142857142857106,0.07346974578010376,False,False,gate_iteration_needed,gate_iteration_needed,return_to_window_label_design
0.6,82,0.7560975609756098,0.77629179331307,0.7559523809523809,0.7659574468085106,0.9090909090909091,0.6382978723404256,0.75,0.08571428571428572,32,3,17,30,activity_pre_all,activity,pre_all,expanded154,154,xgboost_balanced,all,aggregate,,82,,,0,0.5,0.27629179331306997,0.08423681154638474,0.12368812729792265,0.1079664115905777,0.7936170212765958,0.7872340425531915,0.2,0.010767065766280969,-0.01732522796352587,-0.14893617021276595,-0.1142857142857143,0.07346974578010376,False,False,gate_iteration_needed,gate_iteration_needed,return_to_window_label_design
0.4,90,0.6111111111111112,0.5,0.3793103448275862,0.5,0.6111111111111112,1.0,0.7586206896551724,1.0,0,35,0,55,fault_no_overlap,fault,no_overlap,compact13,13,dummy_most_frequent,all,aggregate,,90,,,0,0.5,0.0,0.0,0.0,0.0,0.7441558441558442,0.7454545454545455,0.2571428571428571,0.10151758885839836,-0.24415584415584424,0.2545454545454545,0.7428571428571429,-0.10151758885839836,False,False,window_label_review_required,gate_iteration_needed,return_to_window_label_design
0.5,90,0.6111111111111112,0.5,0.3793103448275862,0.5,0.6111111111111112,1.0,0.7586206896551724,1.0,0,35,0,55,fault_no_overlap,fault,no_overlap,compact13,13,dummy_most_frequent,all,aggregate,,90,,,0,0.5,0.0,0.0,0.0,0.0,0.7441558441558442,0.7454545454545455,0.2571428571428571,0.10151758885839836,-0.24415584415584424,0.2545454545454545,0.7428571428571429,-0.10151758885839836,False,False,window_label_review_required,gate_iteration_needed,return_to_window_label_design
0.6,90,0.6111111111111112,0.5,0.3793103448275862,0.5,0.6111111111111112,1.0,0.7586206896551724,1.0,0,35,0,55,fault_no_overlap,fault,no_overlap,compact13,13,dummy_most_frequent,all,aggregate,,90,,,0,0.5,0.0,0.0,0.0,0.0,0.7441558441558442,0.7454545454545455,0.2571428571428571,0.10151758885839836,-0.24415584415584424,0.2545454545454545,0.7428571428571429,-0.10151758885839836,False,False,window_label_review_required,gate_iteration_needed,return_to_window_label_design
0.4,90,0.8,0.7740259740259741,0.7817887931034483,0.841038961038961,0.8032786885245902,0.8909090909090909,0.8448275862068966,0.34285714285714286,23,12,6,49,fault_no_overlap,fault,no_overlap,compact13,13,lightgbm_balanced,all,aggregate,,90,,,0,0.5,0.27402597402597406,0.1347183086832567,0.07606000241218869,0.2145501014489297,0.7441558441558442,0.7454545454545455,0.2571428571428571,0.10151758885839836,0.029870129870129825,0.1454545454545454,0.08571428571428574,0.03320071982485835,False,False,gate_iteration_needed,gate_iteration_needed,return_to_window_label_design
0.5,90,0.8,0.7896103896103897,0.7896103896103897,0.841038961038961,0.8363636363636363,0.8363636363636363,0.8363636363636363,0.2571428571428571,26,9,9,46,fault_no_overlap,fault,no_overlap,compact13,13,lightgbm_balanced,all,aggregate,,90,,,0,0.5,0.28961038961038965,0.1347183086832567,0.07606000241218869,0.2145501014489297,0.7441558441558442,0.7454545454545455,0.2571428571428571,0.10151758885839836,0.045454545454545414,0.09090909090909083,0.0,0.03320071982485835,False,False,gate_iteration_needed,gate_iteration_needed,return_to_window_label_design
0.6,90,0.7888888888888889,0.7805194805194806,0.7790412197958393,0.841038961038961,0.8333333333333334,0.8181818181818182,0.8256880733944955,0.2571428571428571,26,9,10,45,fault_no_overlap,fault,no_overlap,compact13,13,lightgbm_balanced,all,aggregate,,90,,,0,0.5,0.2805194805194806,0.1347183086832567,0.07606000241218869,0.2145501014489297,0.7441558441558442,0.7454545454545455,0.2571428571428571,0.10151758885839836,0.036363636363636376,0.07272727272727275,0.0,0.03320071982485835,False,False,gate_iteration_needed,gate_iteration_needed,return_to_window_label_design
0.4,90,0.8,0.7844155844155845,0.7872899159663866,0.8457142857142858,0.8245614035087719,0.8545454545454545,0.8392857142857143,0.2857142857142857,25,10,8,47,fault_no_overlap,fault,no_overlap,compact13,13,logistic_balanced,all,aggregate,,90,,,0,0.5,0.28441558441558445,0.10151758885839836,0.19708621262435277,0.07990392473595158,0.7441558441558442,0.7454545454545455,0.2571428571428571,0.10151758885839836,0.04025974025974022,0.10909090909090902,0.02857142857142858,0.0,False,False,gate_iteration_needed,gate_iteration_needed,return_to_window_label_design
0.5,90,0.7444444444444445,0.7441558441558442,0.7371428571428571,0.8457142857142858,0.82,0.7454545454545455,0.780952380952381,0.2571428571428571,26,9,14,41,fault_no_overlap,fault,no_overlap,compact13,13,logistic_balanced,all,aggregate,,90,,,0,0.5,0.24415584415584424,0.10151758885839836,0.19708621262435277,0.07990392473595158,0.7441558441558442,0.7454545454545455,0.2571428571428571,0.10151758885839836,0.0,0.0,0.0,0.0,False,False,gate_iteration_needed,gate_iteration_needed,return_to_window_label_design
0.6,90,0.7222222222222222,0.7467532467532467,0.7213622291021672,0.8457142857142858,0.875,0.6363636363636364,0.7368421052631579,0.14285714285714285,30,5,20,35,fault_no_overlap,fault,no_overlap,compact13,13,logistic_balanced,all,aggregate,,90,,,0,0.5,0.24675324675324672,0.10151758885839836,0.19708621262435277,0.07990392473595158,0.7441558441558442,0.7454545454545455,0.2571428571428571,0.10151758885839836,0.0025974025974024872,-0.10909090909090913,-0.11428571428571427,0.0,False,False,gate_iteration_needed,gate_iteration_needed,return_to_window_label_design
0.4,90,0.7888888888888889,0.7597402597402597,0.768009768009768,0.8587012987012986,0.7903225806451613,0.8909090909090909,0.8376068376068376,0.37142857142857144,22,13,6,49,fault_no_overlap,fault,no_overlap,compact13,13,xgboost_balanced,all,aggregate,,90,,,0,0.5,0.2597402597402597,0.14010031824929492,0.07606000241218866,0.23904572186687872,0.7441558441558442,0.7454545454545455,0.2571428571428571,0.10151758885839836,0.015584415584415479,0.1454545454545454,0.11428571428571432,0.03858272939089656,False,False,gate_iteration_needed,gate_iteration_needed,return_to_window_label_design
0.5,90,0.8222222222222222,0.8025974025974025,0.8086124401913876,0.8587012987012986,0.8305084745762712,0.8909090909090909,0.8596491228070176,0.2857142857142857,25,10,6,49,fault_no_overlap,fault,no_overlap,compact13,13,xgboost_balanced,all,aggregate,,90,,,0,0.5,0.30259740259740253,0.14010031824929492,0.07606000241218866,0.23904572186687872,0.7441558441558442,0.7454545454545455,0.2571428571428571,0.10151758885839836,0.058441558441558294,0.1454545454545454,0.02857142857142858,0.03858272939089656,False,False,gate_iteration_needed,gate_iteration_needed,return_to_window_label_design
0.6,90,0.7888888888888889,0.790909090909091,0.7828571428571429,0.8587012987012986,0.86,0.7818181818181819,0.819047619047619,0.2,28,7,12,43,fault_no_overlap,fault,no_overlap,compact13,13,xgboost_balanced,all,aggregate,,90,,,0,0.5,0.290909090909091,0.14010031824929492,0.07606000241218866,0.23904572186687872,0.7441558441558442,0.7454545454545455,0.2571428571428571,0.10151758885839836,0.04675324675324677,0.036363636363636376,-0.057142857142857106,0.03858272939089656,False,False,gate_iteration_needed,gate_iteration_needed,return_to_window_label_design
0.4,90,0.6111111111111112,0.5,0.3793103448275862,0.5,0.6111111111111112,1.0,0.7586206896551724,1.0,0,35,0,55,fault_no_overlap,fault,no_overlap,expanded154,154,dummy_most_frequent,all,aggregate,,90,,,0,0.5,0.0,0.0,0.0,0.0,0.7064935064935065,0.7272727272727273,0.3142857142857143,0.08437820031904002,-0.2064935064935065,0.2727272727272727,0.6857142857142857,-0.08437820031904002,False,False,window_label_review_required,gate_iteration_needed,return_to_window_label_design
0.5,90,0.6111111111111112,0.5,0.3793103448275862,0.5,0.6111111111111112,1.0,0.7586206896551724,1.0,0,35,0,55,fault_no_overlap,fault,no_overlap,expanded154,154,dummy_most_frequent,all,aggregate,,90,,,0,0.5,0.0,0.0,0.0,0.0,0.7064935064935065,0.7272727272727273,0.3142857142857143,0.08437820031904002,-0.2064935064935065,0.2727272727272727,0.6857142857142857,-0.08437820031904002,False,False,window_label_review_required,gate_iteration_needed,return_to_window_label_design
0.6,90,0.6111111111111112,0.5,0.3793103448275862,0.5,0.6111111111111112,1.0,0.7586206896551724,1.0,0,35,0,55,fault_no_overlap,fault,no_overlap,expanded154,154,dummy_most_frequent,all,aggregate,,90,,,0,0.5,0.0,0.0,0.0,0.0,0.7064935064935065,0.7272727272727273,0.3142857142857143,0.08437820031904002,-0.2064935064935065,0.2727272727272727,0.6857142857142857,-0.08437820031904002,False,False,window_label_review_required,gate_iteration_needed,return_to_window_label_design
0.4,90,0.8555555555555555,0.8194805194805195,0.8361115002101135,0.8950649350649351,0.8181818181818182,0.9818181818181818,0.8925619834710744,0.34285714285714286,23,12,1,54,fault_no_overlap,fault,no_overlap,expanded154,154,lightgbm_balanced,all,aggregate,,90,,,0,0.5,0.3194805194805195,0.09273445714101088,0.10365231137264888,0.2045403009039479,0.7064935064935065,0.7272727272727273,0.3142857142857143,0.08437820031904002,0.11298701298701297,0.2545454545454545,0.02857142857142858,0.008356256821970859,False,False,gate_iteration_needed,gate_iteration_needed,return_to_window_label_design
0.5,90,0.8222222222222222,0.8077922077922077,0.8109243697478992,0.8950649350649351,0.8421052631578947,0.8727272727272727,0.8571428571428571,0.2571428571428571,26,9,7,48,fault_no_overlap,fault,no_overlap,expanded154,154,lightgbm_balanced,all,aggregate,,90,,,0,0.5,0.30779220779220773,0.09273445714101088,0.10365231137264888,0.2045403009039479,0.7064935064935065,0.7272727272727273,0.3142857142857143,0.08437820031904002,0.10129870129870122,0.1454545454545454,-0.05714285714285716,0.008356256821970859,False,False,gate_iteration_needed,gate_iteration_needed,return_to_window_label_design
0.6,90,0.8333333333333334,0.8324675324675325,0.8271668160286775,0.8950649350649351,0.8846153846153846,0.8363636363636363,0.8598130841121495,0.17142857142857143,29,6,9,46,fault_no_overlap,fault,no_overlap,expanded154,154,lightgbm_balanced,all,aggregate,,90,,,0,0.5,0.33246753246753247,0.09273445714101088,0.10365231137264888,0.2045403009039479,0.7064935064935065,0.7272727272727273,0.3142857142857143,0.08437820031904002,0.12597402597402596,0.10909090909090902,-0.14285714285714285,0.008356256821970859,True,False,logistic_or_existing_tree_candidate,gate_iteration_needed,return_to_window_label_design
0.4,90,0.6888888888888889,0.6779220779220779,0.6759259259259259,0.7890909090909091,0.7547169811320755,0.7272727272727273,0.7407407407407407,0.37142857142857144,22,13,15,40,fault_no_overlap,fault,no_overlap,expanded154,154,logistic_balanced,all,aggregate,,90,,,0,0.5,0.17792207792207793,0.08437820031904002,0.09090909090909094,0.10875115658675504,0.7064935064935065,0.7272727272727273,0.3142857142857143,0.08437820031904002,-0.02857142857142858,0.0,0.05714285714285716,0.0,False,False,gate_iteration_needed,gate_iteration_needed,return_to_window_label_design
0.5,90,0.7111111111111111,0.7064935064935065,0.7016828148903621,0.7890909090909091,0.7843137254901961,0.7272727272727273,0.7547169811320755,0.3142857142857143,24,11,15,40,fault_no_overlap,fault,no_overlap,expanded154,154,logistic_balanced,all,aggregate,,90,,,0,0.5,0.2064935064935065,0.08437820031904002,0.09090909090909094,0.10875115658675504,0.7064935064935065,0.7272727272727273,0.3142857142857143,0.08437820031904002,0.0,0.0,0.0,0.0,False,False,gate_iteration_needed,gate_iteration_needed,return_to_window_label_design
0.6,90,0.7333333333333333,0.7402597402597403,0.7285067873303167,0.7890909090909091,0.8297872340425532,0.7090909090909091,0.7647058823529411,0.22857142857142856,27,8,16,39,fault_no_overlap,fault,no_overlap,expanded154,154,logistic_balanced,all,aggregate,,90,,,0,0.5,0.24025974025974028,0.08437820031904002,0.09090909090909094,0.10875115658675504,0.7064935064935065,0.7272727272727273,0.3142857142857143,0.08437820031904002,0.03376623376623378,-0.018181818181818188,-0.08571428571428572,0.0,False,False,gate_iteration_needed,gate_iteration_needed,return_to_window_label_design
0.4,90,0.8222222222222222,0.7818181818181817,0.7964951950254381,0.8789610389610389,0.7910447761194029,0.9636363636363636,0.8688524590163934,0.4,21,14,2,53,fault_no_overlap,fault,no_overlap,expanded154,154,xgboost_balanced,all,aggregate,,90,,,0,0.5,0.28181818181818175,0.10635223346421446,0.09958591954639379,0.13339178140702213,0.7064935064935065,0.7272727272727273,0.3142857142857143,0.08437820031904002,0.07532467532467524,0.23636363636363633,0.08571428571428574,0.021974033145174446,False,False,gate_iteration_needed,gate_iteration_needed,return_to_window_label_design
0.5,90,0.8444444444444444,0.8207792207792208,0.8302801724137931,0.8789610389610389,0.8360655737704918,0.9272727272727272,0.8793103448275862,0.2857142857142857,25,10,4,51,fault_no_overlap,fault,no_overlap,expanded154,154,xgboost_balanced,all,aggregate,,90,,,0,0.5,0.32077922077922083,0.10635223346421446,0.09958591954639379,0.13339178140702213,0.7064935064935065,0.7272727272727273,0.3142857142857143,0.08437820031904002,0.11428571428571432,0.19999999999999996,-0.02857142857142858,0.021974033145174446,False,False,gate_iteration_needed,gate_iteration_needed,return_to_window_label_design
0.6,90,0.7888888888888889,0.7961038961038962,0.7843903669146388,0.8789610389610389,0.875,0.7636363636363637,0.8155339805825242,0.17142857142857143,29,6,13,42,fault_no_overlap,fault,no_overlap,expanded154,154,xgboost_balanced,all,aggregate,,90,,,0,0.5,0.2961038961038962,0.10635223346421446,0.09958591954639379,0.13339178140702213,0.7064935064935065,0.7272727272727273,0.3142857142857143,0.08437820031904002,0.0896103896103897,0.036363636363636376,-0.14285714285714285,0.021974033145174446,False,False,gate_iteration_needed,gate_iteration_needed,return_to_window_label_design
0.4,72,0.5138888888888888,0.5,0.3394495412844037,0.5,0.5138888888888888,1.0,0.6788990825688074,1.0,0,35,0,37,task_no_overlap,task,no_overlap,compact13,13,dummy_most_frequent,all,aggregate,,72,,,0,0.5,0.0,0.0,0.0,0.0,0.6656370656370656,0.7027027027027027,0.37142857142857144,0.08930059399822252,-0.1656370656370656,0.29729729729729726,0.6285714285714286,-0.08930059399822252,False,False,window_label_review_required,gate_iteration_needed,return_to_window_label_design
0.5,72,0.5138888888888888,0.5,0.3394495412844037,0.5,0.5138888888888888,1.0,0.6788990825688074,1.0,0,35,0,37,task_no_overlap,task,no_overlap,compact13,13,dummy_most_frequent,all,aggregate,,72,,,0,0.5,0.0,0.0,0.0,0.0,0.6656370656370656,0.7027027027027027,0.37142857142857144,0.08930059399822252,-0.1656370656370656,0.29729729729729726,0.6285714285714286,-0.08930059399822252,False,False,window_label_review_required,gate_iteration_needed,return_to_window_label_design
0.6,72,0.5138888888888888,0.5,0.3394495412844037,0.5,0.5138888888888888,1.0,0.6788990825688074,1.0,0,35,0,37,task_no_overlap,task,no_overlap,compact13,13,dummy_most_frequent,all,aggregate,,72,,,0,0.5,0.0,0.0,0.0,0.0,0.6656370656370656,0.7027027027027027,0.37142857142857144,0.08930059399822252,-0.1656370656370656,0.29729729729729726,0.6285714285714286,-0.08930059399822252,False,False,window_label_review_required,gate_iteration_needed,return_to_window_label_design
0.4,72,0.6805555555555556,0.6776061776061776,0.6754850088183422,0.661003861003861,0.6590909090909091,0.7837837837837838,0.7160493827160493,0.42857142857142855,20,15,8,29,task_no_overlap,task,no_overlap,compact13,13,lightgbm_balanced,all,aggregate,,72,,,0,0.5,0.17760617760617758,0.11802970905540136,0.0837574242825612,0.16822776076217527,0.6656370656370656,0.7027027027027027,0.37142857142857144,0.08930059399822252,0.01196911196911199,0.08108108108108103,0.057142857142857106,0.028729115057178845,False,False,gate_iteration_needed,gate_iteration_needed,return_to_window_label_design
0.5,72,0.6944444444444444,0.6934362934362934,0.6934984520123839,0.661003861003861,0.6923076923076923,0.7297297297297297,0.7105263157894737,0.34285714285714286,23,12,10,27,task_no_overlap,task,no_overlap,compact13,13,lightgbm_balanced,all,aggregate,,72,,,0,0.5,0.19343629343629343,0.11802970905540136,0.0837574242825612,0.16822776076217527,0.6656370656370656,0.7027027027027027,0.37142857142857144,0.08930059399822252,0.027799227799227832,0.027027027027026973,-0.02857142857142858,0.028729115057178845,False,False,gate_iteration_needed,gate_iteration_needed,return_to_window_label_design
0.6,72,0.6388888888888888,0.6401544401544401,0.6386100386100386,0.661003861003861,0.6666666666666666,0.5945945945945946,0.6285714285714286,0.3142857142857143,24,11,15,22,task_no_overlap,task,no_overlap,compact13,13,lightgbm_balanced,all,aggregate,,72,,,0,0.5,0.14015444015444012,0.11802970905540136,0.0837574242825612,0.16822776076217527,0.6656370656370656,0.7027027027027027,0.37142857142857144,0.08930059399822252,-0.025482625482625476,-0.10810810810810811,-0.05714285714285716,0.028729115057178845,False,False,window_label_review_required,gate_iteration_needed,return_to_window_label_design
0.4,72,0.6944444444444444,0.6911196911196911,0.6884343036978757,0.7266409266409266,0.6666666666666666,0.8108108108108109,0.7317073170731707,0.42857142857142855,20,15,7,30,task_no_overlap,task,no_overlap,compact13,13,logistic_balanced,all,aggregate,,72,,,0,0.5,0.19111969111969107,0.08930059399822252,0.09499597198764559,0.11368891796488877,0.6656370656370656,0.7027027027027027,0.37142857142857144,0.08930059399822252,0.025482625482625476,0.10810810810810811,0.057142857142857106,0.0,False,False,gate_iteration_needed,gate_iteration_needed,return_to_window_label_design
0.5,72,0.6666666666666666,0.6656370656370656,0.6656346749226006,0.7266409266409266,0.6666666666666666,0.7027027027027027,0.6842105263157895,0.37142857142857144,22,13,11,26,task_no_overlap,task,no_overlap,compact13,13,logistic_balanced,all,aggregate,,72,,,0,0.5,0.1656370656370656,0.08930059399822252,0.09499597198764559,0.11368891796488877,0.6656370656370656,0.7027027027027027,0.37142857142857144,0.08930059399822252,0.0,0.0,0.0,0.0,False,False,gate_iteration_needed,gate_iteration_needed,return_to_window_label_design
0.6,72,0.6805555555555556,0.6814671814671815,0.6804939224387421,0.7266409266409266,0.7058823529411765,0.6486486486486487,0.676056338028169,0.2857142857142857,25,10,13,24,task_no_overlap,task,no_overlap,compact13,13,logistic_balanced,all,aggregate,,72,,,0,0.5,0.18146718146718155,0.08930059399822252,0.09499597198764559,0.11368891796488877,0.6656370656370656,0.7027027027027027,0.37142857142857144,0.08930059399822252,0.015830115830115954,-0.05405405405405406,-0.08571428571428574,0.0,False,False,gate_iteration_needed,gate_iteration_needed,return_to_window_label_design
0.4,72,0.6805555555555556,0.6776061776061776,0.6754850088183422,0.6926640926640928,0.6590909090909091,0.7837837837837838,0.7160493827160493,0.42857142857142855,20,15,8,29,task_no_overlap,task,no_overlap,compact13,13,xgboost_balanced,all,aggregate,,72,,,0,0.5,0.17760617760617758,0.13124816283252722,0.11123151073141026,0.19737825580072837,0.6656370656370656,0.7027027027027027,0.37142857142857144,0.08930059399822252,0.01196911196911199,0.08108108108108103,0.057142857142857106,0.0419475688343047,False,False,gate_iteration_needed,gate_iteration_needed,return_to_window_label_design
0.5,72,0.6666666666666666,0.6656370656370656,0.6656346749226006,0.6926640926640928,0.6666666666666666,0.7027027027027027,0.6842105263157895,0.37142857142857144,22,13,11,26,task_no_overlap,task,no_overlap,compact13,13,xgboost_balanced,all,aggregate,,72,,,0,0.5,0.1656370656370656,0.13124816283252722,0.11123151073141026,0.19737825580072837,0.6656370656370656,0.7027027027027027,0.37142857142857144,0.08930059399822252,0.0,0.0,0.0,0.0419475688343047,False,False,gate_iteration_needed,gate_iteration_needed,return_to_window_label_design
0.6,72,0.6805555555555556,0.6814671814671815,0.6804939224387421,0.6926640926640928,0.7058823529411765,0.6486486486486487,0.676056338028169,0.2857142857142857,25,10,13,24,task_no_overlap,task,no_overlap,compact13,13,xgboost_balanced,all,aggregate,,72,,,0,0.5,0.18146718146718155,0.13124816283252722,0.11123151073141026,0.19737825580072837,0.6656370656370656,0.7027027027027027,0.37142857142857144,0.08930059399822252,0.015830115830115954,-0.05405405405405406,-0.08571428571428574,0.0419475688343047,False,False,gate_iteration_needed,gate_iteration_needed,return_to_window_label_design
0.4,72,0.5138888888888888,0.5,0.3394495412844037,0.5,0.5138888888888888,1.0,0.6788990825688074,1.0,0,35,0,37,task_no_overlap,task,no_overlap,expanded154,154,dummy_most_frequent,all,aggregate,,72,,,0,0.5,0.0,0.0,0.0,0.0,0.5972972972972973,0.5945945945945946,0.4,0.08045628804334856,-0.0972972972972973,0.4054054054054054,0.6,-0.08045628804334856,False,False,window_label_review_required,gate_iteration_needed,return_to_window_label_design
0.5,72,0.5138888888888888,0.5,0.3394495412844037,0.5,0.5138888888888888,1.0,0.6788990825688074,1.0,0,35,0,37,task_no_overlap,task,no_overlap,expanded154,154,dummy_most_frequent,all,aggregate,,72,,,0,0.5,0.0,0.0,0.0,0.0,0.5972972972972973,0.5945945945945946,0.4,0.08045628804334856,-0.0972972972972973,0.4054054054054054,0.6,-0.08045628804334856,False,False,window_label_review_required,gate_iteration_needed,return_to_window_label_design
0.6,72,0.5138888888888888,0.5,0.3394495412844037,0.5,0.5138888888888888,1.0,0.6788990825688074,1.0,0,35,0,37,task_no_overlap,task,no_overlap,expanded154,154,dummy_most_frequent,all,aggregate,,72,,,0,0.5,0.0,0.0,0.0,0.0,0.5972972972972973,0.5945945945945946,0.4,0.08045628804334856,-0.0972972972972973,0.4054054054054054,0.6,-0.08045628804334856,False,False,window_label_review_required,gate_iteration_needed,return_to_window_label_design
0.4,72,0.5694444444444444,0.5664092664092664,0.562610229276896,0.6185328185328186,0.5681818181818182,0.6756756756756757,0.6172839506172839,0.5428571428571428,16,19,12,25,task_no_overlap,task,no_overlap,expanded154,154,lightgbm_balanced,all,aggregate,,72,,,0,0.5,0.06640926640926637,0.11570539898812526,0.18999194397529123,0.21120656631798335,0.5972972972972973,0.5945945945945946,0.4,0.08045628804334856,-0.030888030888030937,0.08108108108108103,0.1428571428571428,0.0352491109447767,False,False,window_label_review_required,gate_iteration_needed,return_to_window_label_design
0.5,72,0.5694444444444444,0.5687258687258687,0.568695652173913,0.6185328185328186,0.5789473684210527,0.5945945945945946,0.5866666666666667,0.45714285714285713,19,16,15,22,task_no_overlap,task,no_overlap,expanded154,154,lightgbm_balanced,all,aggregate,,72,,,0,0.5,0.06872586872586872,0.11570539898812526,0.18999194397529123,0.21120656631798335,0.5972972972972973,0.5945945945945946,0.4,0.08045628804334856,-0.02857142857142858,0.0,0.057142857142857106,0.0352491109447767,False,False,window_label_review_required,gate_iteration_needed,return_to_window_label_design
0.6,72,0.6111111111111112,0.6131274131274131,0.609907120743034,0.6185328185328186,0.6451612903225806,0.5405405405405406,0.5882352941176471,0.3142857142857143,24,11,17,20,task_no_overlap,task,no_overlap,expanded154,154,lightgbm_balanced,all,aggregate,,72,,,0,0.5,0.11312741312741315,0.11570539898812526,0.18999194397529123,0.21120656631798335,0.5972972972972973,0.5945945945945946,0.4,0.08045628804334856,0.015830115830115843,-0.05405405405405406,-0.08571428571428574,0.0352491109447767,False,False,window_label_review_required,gate_iteration_needed,return_to_window_label_design
0.4,72,0.625,0.6243243243243244,0.6243478260869566,0.6054054054054053,0.631578947368421,0.6486486486486487,0.64,0.4,21,14,13,24,task_no_overlap,task,no_overlap,expanded154,154,logistic_balanced,all,aggregate,,72,,,0,0.5,0.12432432432432439,0.08045628804334856,0.18999194397529123,0.12371791482634839,0.5972972972972973,0.5945945945945946,0.4,0.08045628804334856,0.027027027027027084,0.05405405405405406,0.0,0.0,False,False,window_label_review_required,gate_iteration_needed,return_to_window_label_design
0.5,72,0.5972222222222222,0.5972972972972973,0.5971445109010225,0.6054054054054053,0.6111111111111112,0.5945945945945946,0.6027397260273972,0.4,21,14,15,22,task_no_overlap,task,no_overlap,expanded154,154,logistic_balanced,all,aggregate,,72,,,0,0.5,0.0972972972972973,0.08045628804334856,0.18999194397529123,0.12371791482634839,0.5972972972972973,0.5945945945945946,0.4,0.08045628804334856,0.0,0.0,0.0,0.0,False,False,window_label_review_required,gate_iteration_needed,return_to_window_label_design
0.6,72,0.6111111111111112,0.6123552123552123,0.6108108108108108,0.6054054054054053,0.6363636363636364,0.5675675675675675,0.6,0.34285714285714286,23,12,16,21,task_no_overlap,task,no_overlap,expanded154,154,logistic_balanced,all,aggregate,,72,,,0,0.5,0.11235521235521229,0.08045628804334856,0.18999194397529123,0.12371791482634839,0.5972972972972973,0.5945945945945946,0.4,0.08045628804334856,0.015057915057914983,-0.027027027027027084,-0.05714285714285716,0.0,False,False,window_label_review_required,gate_iteration_needed,return_to_window_label_design
0.4,72,0.5833333333333334,0.5776061776061776,0.5616883116883117,0.6270270270270271,0.5686274509803921,0.7837837837837838,0.6590909090909091,0.6285714285714286,13,22,8,29,task_no_overlap,task,no_overlap,expanded154,154,xgboost_balanced,all,aggregate,,72,,,0,0.5,0.0776061776061776,0.08929508328269309,0.16298006013006625,0.16556704521149584,0.5972972972972973,0.5945945945945946,0.4,0.08045628804334856,-0.019691119691119696,0.18918918918918914,0.22857142857142854,0.008838795239344527,False,False,window_label_review_required,gate_iteration_needed,return_to_window_label_design
0.5,72,0.5555555555555556,0.5536679536679536,0.5524475524475525,0.6270270270270271,0.5609756097560976,0.6216216216216216,0.5897435897435898,0.5142857142857142,17,18,14,23,task_no_overlap,task,no_overlap,expanded154,154,xgboost_balanced,all,aggregate,,72,,,0,0.5,0.05366795366795363,0.08929508328269309,0.16298006013006625,0.16556704521149584,0.5972972972972973,0.5945945945945946,0.4,0.08045628804334856,-0.043629343629343675,0.027027027027026973,0.11428571428571421,0.008838795239344527,False,False,window_label_review_required,gate_iteration_needed,return_to_window_label_design
0.6,72,0.6111111111111112,0.6123552123552123,0.6108108108108108,0.6270270270270271,0.6363636363636364,0.5675675675675675,0.6,0.34285714285714286,23,12,16,21,task_no_overlap,task,no_overlap,expanded154,154,xgboost_balanced,all,aggregate,,72,,,0,0.5,0.11235521235521229,0.08929508328269309,0.16298006013006625,0.16556704521149584,0.5972972972972973,0.5945945945945946,0.4,0.08045628804334856,0.015057915057914983,-0.027027027027027084,-0.05714285714285716,0.008838795239344527,False,False,window_label_review_required,gate_iteration_needed,return_to_window_label_design
0.4,76,0.5394736842105263,0.5,0.3504273504273504,0.5,0.5394736842105263,1.0,0.7008547008547008,1.0,0,35,0,41,task_post_all,task,post_all,compact13,13,dummy_most_frequent,all,aggregate,,76,,,0,0.5,0.0,0.0,0.0,0.0,0.6822299651567945,0.7073170731707317,0.34285714285714286,0.04712875904851792,-0.18222996515679446,0.29268292682926833,0.6571428571428571,-0.04712875904851792,False,False,window_label_review_required,gate_iteration_needed,return_to_window_label_design
0.5,76,0.5394736842105263,0.5,0.3504273504273504,0.5,0.5394736842105263,1.0,0.7008547008547008,1.0,0,35,0,41,task_post_all,task,post_all,compact13,13,dummy_most_frequent,all,aggregate,,76,,,0,0.5,0.0,0.0,0.0,0.0,0.6822299651567945,0.7073170731707317,0.34285714285714286,0.04712875904851792,-0.18222996515679446,0.29268292682926833,0.6571428571428571,-0.04712875904851792,False,False,window_label_review_required,gate_iteration_needed,return_to_window_label_design
0.6,76,0.5394736842105263,0.5,0.3504273504273504,0.5,0.5394736842105263,1.0,0.7008547008547008,1.0,0,35,0,41,task_post_all,task,post_all,compact13,13,dummy_most_frequent,all,aggregate,,76,,,0,0.5,0.0,0.0,0.0,0.0,0.6822299651567945,0.7073170731707317,0.34285714285714286,0.04712875904851792,-0.18222996515679446,0.29268292682926833,0.6571428571428571,-0.04712875904851792,False,False,window_label_review_required,gate_iteration_needed,return_to_window_label_design
0.4,76,0.6447368421052632,0.6414634146341464,0.641697223677318,0.654355400696864,0.6666666666666666,0.6829268292682927,0.6746987951807228,0.4,21,14,13,28,task_post_all,task,post_all,compact13,13,lightgbm_balanced,all,aggregate,,76,,,0,0.5,0.14146341463414636,0.08750206958643783,0.13526112498599407,0.13405417390723093,0.6822299651567945,0.7073170731707317,0.34285714285714286,0.04712875904851792,-0.040766550522648104,-0.024390243902438935,0.05714285714285716,0.04037331053791991,False,False,window_label_review_required,gate_iteration_needed,return_to_window_label_design
0.5,76,0.6447368421052632,0.6435540069686412,0.6431924882629108,0.654355400696864,0.675,0.6585365853658537,0.6666666666666666,0.37142857142857144,22,13,14,27,task_post_all,task,post_all,compact13,13,lightgbm_balanced,all,aggregate,,76,,,0,0.5,0.14355400696864118,0.08750206958643783,0.13526112498599407,0.13405417390723093,0.6822299651567945,0.7073170731707317,0.34285714285714286,0.04712875904851792,-0.03867595818815328,-0.04878048780487798,0.02857142857142858,0.04037331053791991,False,False,window_label_review_required,gate_iteration_needed,return_to_window_label_design
0.6,76,0.631578947368421,0.637630662020906,0.6313236313236313,0.654355400696864,0.696969696969697,0.5609756097560976,0.6216216216216216,0.2857142857142857,25,10,18,23,task_post_all,task,post_all,compact13,13,lightgbm_balanced,all,aggregate,,76,,,0,0.5,0.137630662020906,0.08750206958643783,0.13526112498599407,0.13405417390723093,0.6822299651567945,0.7073170731707317,0.34285714285714286,0.04712875904851792,-0.044599303135888446,-0.14634146341463405,-0.05714285714285716,0.04037331053791991,False,False,window_label_review_required,gate_iteration_needed,return_to_window_label_design
0.4,76,0.7105263157894737,0.7066202090592335,0.7072829131652661,0.7400696864111498,0.7209302325581395,0.7560975609756098,0.7380952380952381,0.34285714285714286,23,12,10,31,task_post_all,task,post_all,compact13,13,logistic_balanced,all,aggregate,,76,,,0,0.5,0.2066202090592335,0.04712875904851792,0.1618225553827001,0.08161493571906005,0.6822299651567945,0.7073170731707317,0.34285714285714286,0.04712875904851792,0.024390243902439046,0.04878048780487809,0.0,0.0,False,False,gate_iteration_needed,gate_iteration_needed,return_to_window_label_design
0.5,76,0.6842105263157895,0.6822299651567945,0.6822299651567945,0.7400696864111498,0.7073170731707317,0.7073170731707317,0.7073170731707317,0.34285714285714286,23,12,12,29,task_post_all,task,post_all,compact13,13,logistic_balanced,all,aggregate,,76,,,0,0.5,0.18222996515679446,0.04712875904851792,0.1618225553827001,0.08161493571906005,0.6822299651567945,0.7073170731707317,0.34285714285714286,0.04712875904851792,0.0,0.0,0.0,0.0,False,False,gate_iteration_needed,gate_iteration_needed,return_to_window_label_design
0.6,76,0.6578947368421053,0.662020905923345,0.6578947368421053,0.7400696864111498,0.7142857142857143,0.6097560975609756,0.6578947368421053,0.2857142857142857,25,10,16,25,task_post_all,task,post_all,compact13,13,logistic_balanced,all,aggregate,,76,,,0,0.5,0.16202090592334495,0.04712875904851792,0.1618225553827001,0.08161493571906005,0.6822299651567945,0.7073170731707317,0.34285714285714286,0.04712875904851792,-0.02020905923344951,-0.09756097560975607,-0.05714285714285716,0.0,False,False,gate_iteration_needed,gate_iteration_needed,return_to_window_label_design
0.4,76,0.7236842105263158,0.7209059233449477,0.7213200628601362,0.694773519163763,0.7380952380952381,0.7560975609756098,0.7469879518072289,0.3142857142857143,24,11,10,31,task_post_all,task,post_all,compact13,13,xgboost_balanced,all,aggregate,,76,,,0,0.5,0.22090592334494774,0.1197314519699353,0.15063807764266662,0.18915089538379085,0.6822299651567945,0.7073170731707317,0.34285714285714286,0.04712875904851792,0.03867595818815328,0.04878048780487809,-0.02857142857142858,0.07260269292141738,False,False,gate_iteration_needed,gate_iteration_needed,return_to_window_label_design
0.5,76,0.6973684210526315,0.7006968641114983,0.6973160173160173,0.694773519163763,0.75,0.6585365853658537,0.7012987012987013,0.2571428571428571,26,9,14,27,task_post_all,task,post_all,compact13,13,xgboost_balanced,all,aggregate,,76,,,0,0.5,0.20069686411149834,0.1197314519699353,0.15063807764266662,0.18915089538379085,0.6822299651567945,0.7073170731707317,0.34285714285714286,0.04712875904851792,0.01846689895470388,-0.04878048780487798,-0.08571428571428574,0.07260269292141738,False,False,gate_iteration_needed,gate_iteration_needed,return_to_window_label_design
0.6,76,0.6447368421052632,0.654006968641115,0.6431924882629108,0.694773519163763,0.7333333333333333,0.5365853658536586,0.6197183098591549,0.22857142857142856,27,8,19,22,task_post_all,task,post_all,compact13,13,xgboost_balanced,all,aggregate,,76,,,0,0.5,0.15400696864111496,0.1197314519699353,0.15063807764266662,0.18915089538379085,0.6822299651567945,0.7073170731707317,0.34285714285714286,0.04712875904851792,-0.0282229965156795,-0.1707317073170731,-0.1142857142857143,0.07260269292141738,False,False,gate_iteration_needed,gate_iteration_needed,return_to_window_label_design
0.4,76,0.5394736842105263,0.5,0.3504273504273504,0.5,0.5394736842105263,1.0,0.7008547008547008,1.0,0,35,0,41,task_post_all,task,post_all,expanded154,154,dummy_most_frequent,all,aggregate,,76,,,0,0.5,0.0,0.0,0.0,0.0,0.5745644599303136,0.4634146341463415,0.3142857142857143,0.08389519111795718,-0.07456445993031358,0.5365853658536586,0.6857142857142857,-0.08389519111795718,False,False,window_label_review_required,gate_iteration_needed,return_to_window_label_design
0.5,76,0.5394736842105263,0.5,0.3504273504273504,0.5,0.5394736842105263,1.0,0.7008547008547008,1.0,0,35,0,41,task_post_all,task,post_all,expanded154,154,dummy_most_frequent,all,aggregate,,76,,,0,0.5,0.0,0.0,0.0,0.0,0.5745644599303136,0.4634146341463415,0.3142857142857143,0.08389519111795718,-0.07456445993031358,0.5365853658536586,0.6857142857142857,-0.08389519111795718,False,False,window_label_review_required,gate_iteration_needed,return_to_window_label_design
0.6,76,0.5394736842105263,0.5,0.3504273504273504,0.5,0.5394736842105263,1.0,0.7008547008547008,1.0,0,35,0,41,task_post_all,task,post_all,expanded154,154,dummy_most_frequent,all,aggregate,,76,,,0,0.5,0.0,0.0,0.0,0.0,0.5745644599303136,0.4634146341463415,0.3142857142857143,0.08389519111795718,-0.07456445993031358,0.5365853658536586,0.6857142857142857,-0.08389519111795718,False,False,window_label_review_required,gate_iteration_needed,return_to_window_label_design
0.4,76,0.6710526315789473,0.6658536585365853,0.6663740122914839,0.7219512195121951,0.6818181818181818,0.7317073170731707,0.7058823529411765,0.4,21,14,11,30,task_post_all,task,post_all,expanded154,154,lightgbm_balanced,all,aggregate,,76,,,0,0.5,0.1658536585365853,0.07898188743284132,0.19072165070428448,0.26975518001116705,0.5745644599303136,0.4634146341463415,0.3142857142857143,0.08389519111795718,0.09128919860627172,0.26829268292682923,0.08571428571428574,-0.004913303685115861,False,False,gate_iteration_needed,gate_iteration_needed,return_to_window_label_design
0.5,76,0.6842105263157895,0.686411149825784,0.683991683991684,0.7219512195121951,0.7297297297297297,0.6585365853658537,0.6923076923076923,0.2857142857142857,25,10,14,27,task_post_all,task,post_all,expanded154,154,lightgbm_balanced,all,aggregate,,76,,,0,0.5,0.186411149825784,0.07898188743284132,0.19072165070428448,0.26975518001116705,0.5745644599303136,0.4634146341463415,0.3142857142857143,0.08389519111795718,0.11184668989547042,0.1951219512195122,-0.02857142857142858,-0.004913303685115861,False,True,gate_iteration_needed,gate_iteration_needed,return_to_window_label_design
0.6,76,0.6710526315789473,0.678397212543554,0.6705392751864054,0.7219512195121951,0.75,0.5853658536585366,0.6575342465753424,0.22857142857142856,27,8,17,24,task_post_all,task,post_all,expanded154,154,lightgbm_balanced,all,aggregate,,76,,,0,0.5,0.178397212543554,0.07898188743284132,0.19072165070428448,0.26975518001116705,0.5745644599303136,0.4634146341463415,0.3142857142857143,0.08389519111795718,0.10383275261324043,0.12195121951219506,-0.08571428571428572,-0.004913303685115861,False,True,gate_iteration_needed,gate_iteration_needed,return_to_window_label_design
0.4,76,0.5921052631578947,0.5947735191637631,0.592034632034632,0.6041811846689896,0.6388888888888888,0.5609756097560976,0.5974025974025974,0.37142857142857144,22,13,18,23,task_post_all,task,post_all,expanded154,154,logistic_balanced,all,aggregate,,76,,,0,0.5,0.09477351916376309,0.08389519111795718,0.1989533111185613,0.23411857665829924,0.5745644599303136,0.4634146341463415,0.3142857142857143,0.08389519111795718,0.02020905923344951,0.09756097560975613,0.05714285714285716,0.0,False,False,window_label_review_required,gate_iteration_needed,return_to_window_label_design
0.5,76,0.5657894736842105,0.5745644599303136,0.5639019300991132,0.6041811846689896,0.6333333333333333,0.4634146341463415,0.5352112676056338,0.3142857142857143,24,11,22,19,task_post_all,task,post_all,expanded154,154,logistic_balanced,all,aggregate,,76,,,0,0.5,0.07456445993031358,0.08389519111795718,0.1989533111185613,0.23411857665829924,0.5745644599303136,0.4634146341463415,0.3142857142857143,0.08389519111795718,0.0,0.0,0.0,0.0,False,False,window_label_review_required,gate_iteration_needed,return_to_window_label_design
0.6,76,0.5657894736842105,0.5766550522648084,0.5620743844944998,0.6041811846689896,0.6428571428571429,0.43902439024390244,0.5217391304347826,0.2857142857142857,25,10,23,18,task_post_all,task,post_all,expanded154,154,logistic_balanced,all,aggregate,,76,,,0,0.5,0.0766550522648084,0.08389519111795718,0.1989533111185613,0.23411857665829924,0.5745644599303136,0.4634146341463415,0.3142857142857143,0.08389519111795718,0.002090592334494823,-0.024390243902439046,-0.02857142857142858,0.0,False,False,window_label_review_required,gate_iteration_needed,return_to_window_label_design
0.4,76,0.6447368421052632,0.6372822299651568,0.637135278514589,0.6871080139372823,0.6521739130434783,0.7317073170731707,0.6896551724137931,0.45714285714285713,19,16,11,30,task_post_all,task,post_all,expanded154,154,xgboost_balanced,all,aggregate,,76,,,0,0.5,0.13728222996515682,0.09186439370308763,0.18914123799772667,0.3288818409491811,0.5745644599303136,0.4634146341463415,0.3142857142857143,0.08389519111795718,0.06271777003484325,0.26829268292682923,0.14285714285714285,0.007969202585130453,False,False,window_label_review_required,gate_iteration_needed,return_to_window_label_design
0.5,76,0.6578947368421053,0.6578397212543554,0.6569444444444444,0.6871080139372823,0.6923076923076923,0.6585365853658537,0.675,0.34285714285714286,23,12,14,27,task_post_all,task,post_all,expanded154,154,xgboost_balanced,all,aggregate,,76,,,0,0.5,0.15783972125435541,0.09186439370308763,0.18914123799772667,0.3288818409491811,0.5745644599303136,0.4634146341463415,0.3142857142857143,0.08389519111795718,0.08327526132404184,0.1951219512195122,0.02857142857142858,0.007969202585130453,False,False,gate_iteration_needed,gate_iteration_needed,return_to_window_label_design
0.6,76,0.631578947368421,0.6397212543554007,0.6305555555555555,0.6871080139372823,0.7096774193548387,0.5365853658536586,0.6111111111111112,0.2571428571428571,26,9,19,22,task_post_all,task,post_all,expanded154,154,xgboost_balanced,all,aggregate,,76,,,0,0.5,0.13972125435540073,0.09186439370308763,0.18914123799772667,0.3288818409491811,0.5745644599303136,0.4634146341463415,0.3142857142857143,0.08389519111795718,0.06515679442508715,0.07317073170731708,-0.05714285714285716,0.007969202585130453,False,False,window_label_review_required,gate_iteration_needed,return_to_window_label_design
0.4,72,0.4861111111111111,0.4783783783783784,0.43833017077798864,0.4783783783783784,0.5,0.7567567567567568,0.6021505376344086,0.8,7,28,9,28,task_pre_all,task,pre_all,compact13,13,dummy_most_frequent,all,aggregate,,72,,,0,0.4783783783783784,0.0,0.0,0.4472135954999579,0.4472135954999579,0.7378378378378379,0.6756756756756757,0.2,0.05132718303017468,-0.2594594594594595,0.08108108108108114,0.6000000000000001,-0.05132718303017468,False,False,window_label_review_required,gate_iteration_needed,return_to_window_label_design
0.5,72,0.4861111111111111,0.4783783783783784,0.43833017077798864,0.4783783783783784,0.5,0.7567567567567568,0.6021505376344086,0.8,7,28,9,28,task_pre_all,task,pre_all,compact13,13,dummy_most_frequent,all,aggregate,,72,,,0,0.4783783783783784,0.0,0.0,0.4472135954999579,0.4472135954999579,0.7378378378378379,0.6756756756756757,0.2,0.05132718303017468,-0.2594594594594595,0.08108108108108114,0.6000000000000001,-0.05132718303017468,False,False,window_label_review_required,gate_iteration_needed,return_to_window_label_design
0.6,72,0.4861111111111111,0.4783783783783784,0.43833017077798864,0.4783783783783784,0.5,0.7567567567567568,0.6021505376344086,0.8,7,28,9,28,task_pre_all,task,pre_all,compact13,13,dummy_most_frequent,all,aggregate,,72,,,0,0.4783783783783784,0.0,0.0,0.4472135954999579,0.4472135954999579,0.7378378378378379,0.6756756756756757,0.2,0.05132718303017468,-0.2594594594594595,0.08108108108108114,0.6000000000000001,-0.05132718303017468,False,False,window_label_review_required,gate_iteration_needed,return_to_window_label_design
0.4,72,0.7083333333333334,0.706949806949807,0.7069199457259159,0.7606177606177607,0.7,0.7567567567567568,0.7272727272727273,0.34285714285714286,23,12,9,28,task_pre_all,task,pre_all,compact13,13,lightgbm_balanced,all,aggregate,,72,,,0,0.4783783783783784,0.22857142857142865,0.10887416601840436,0.16570964841775265,0.12777531299998796,0.7378378378378379,0.6756756756756757,0.2,0.05132718303017468,-0.030888030888030826,0.08108108108108114,0.14285714285714285,0.057546982988229675,False,False,gate_iteration_needed,gate_iteration_needed,return_to_window_label_design
0.5,72,0.7083333333333334,0.706949806949807,0.7069199457259159,0.7606177606177607,0.7,0.7567567567567568,0.7272727272727273,0.34285714285714286,23,12,9,28,task_pre_all,task,pre_all,compact13,13,lightgbm_balanced,all,aggregate,,72,,,0,0.4783783783783784,0.22857142857142865,0.10887416601840436,0.16570964841775265,0.12777531299998796,0.7378378378378379,0.6756756756756757,0.2,0.05132718303017468,-0.030888030888030826,0.08108108108108114,0.14285714285714285,0.057546982988229675,False,False,gate_iteration_needed,gate_iteration_needed,return_to_window_label_design
0.6,72,0.7222222222222222,0.722007722007722,0.722007722007722,0.7606177606177607,0.7297297297297297,0.7297297297297297,0.7297297297297297,0.2857142857142857,25,10,10,27,task_pre_all,task,pre_all,compact13,13,lightgbm_balanced,all,aggregate,,72,,,0,0.4783783783783784,0.24362934362934363,0.10887416601840436,0.16570964841775265,0.12777531299998796,0.7378378378378379,0.6756756756756757,0.2,0.05132718303017468,-0.015830115830115843,0.05405405405405406,0.08571428571428569,0.057546982988229675,False,False,gate_iteration_needed,gate_iteration_needed,return_to_window_label_design
0.4,72,0.7222222222222222,0.7227799227799228,0.7222222222222222,0.7305019305019305,0.7428571428571429,0.7027027027027027,0.7222222222222222,0.2571428571428571,26,9,11,26,task_pre_all,task,pre_all,compact13,13,logistic_balanced,all,aggregate,,72,,,0,0.4783783783783784,0.24440154440154438,0.05132718303017468,0.14597566210824853,0.19166296949998196,0.7378378378378379,0.6756756756756757,0.2,0.05132718303017468,-0.015057915057915094,0.027027027027027084,0.057142857142857106,0.0,False,False,gate_iteration_needed,gate_iteration_needed,return_to_window_label_design
0.5,72,0.7361111111111112,0.7378378378378379,0.7356521739130435,0.7305019305019305,0.78125,0.6756756756756757,0.7246376811594203,0.2,28,7,12,25,task_pre_all,task,pre_all,compact13,13,logistic_balanced,all,aggregate,,72,,,0,0.4783783783783784,0.2594594594594595,0.05132718303017468,0.14597566210824853,0.19166296949998196,0.7378378378378379,0.6756756756756757,0.2,0.05132718303017468,0.0,0.0,0.0,0.0,False,False,gate_iteration_needed,gate_iteration_needed,return_to_window_label_design
0.6,72,0.6944444444444444,0.6980694980694981,0.690625,0.7305019305019305,0.7777777777777778,0.5675675675675675,0.65625,0.17142857142857143,29,6,16,21,task_pre_all,task,pre_all,compact13,13,logistic_balanced,all,aggregate,,72,,,0,0.4783783783783784,0.21969111969111976,0.05132718303017468,0.14597566210824853,0.19166296949998196,0.7378378378378379,0.6756756756756757,0.2,0.05132718303017468,-0.03976833976833971,-0.10810810810810811,-0.02857142857142858,0.0,False,False,gate_iteration_needed,gate_iteration_needed,return_to_window_label_design
0.4,72,0.6666666666666666,0.6640926640926641,0.6625,0.7613899613899614,0.6511627906976745,0.7567567567567568,0.7,0.42857142857142855,20,15,9,28,task_pre_all,task,pre_all,compact13,13,xgboost_balanced,all,aggregate,,72,,,0,0.4783783783783784,0.18571428571428572,0.14170612140105177,0.19443634579830316,0.1564921592871903,0.7378378378378379,0.6756756756756757,0.2,0.05132718303017468,-0.07374517374517375,0.08108108108108114,0.22857142857142854,0.09037893837087708,False,False,gate_iteration_needed,gate_iteration_needed,return_to_window_label_design
0.5,72,0.6805555555555556,0.6806949806949807,0.6804939224387421,0.7613899613899614,0.6944444444444444,0.6756756756756757,0.684931506849315,0.3142857142857143,24,11,12,25,task_pre_all,task,pre_all,compact13,13,xgboost_balanced,all,aggregate,,72,,,0,0.4783783783783784,0.2023166023166023,0.14170612140105177,0.19443634579830316,0.1564921592871903,0.7378378378378379,0.6756756756756757,0.2,0.05132718303017468,-0.05714285714285716,0.0,0.11428571428571427,0.09037893837087708,False,False,gate_iteration_needed,gate_iteration_needed,return_to_window_label_design
0.6,72,0.6805555555555556,0.6837837837837838,0.6775073028237586,0.7613899613899614,0.75,0.5675675675675675,0.6461538461538462,0.2,28,7,16,21,task_pre_all,task,pre_all,compact13,13,xgboost_balanced,all,aggregate,,72,,,0,0.4783783783783784,0.20540540540540542,0.14170612140105177,0.19443634579830316,0.1564921592871903,0.7378378378378379,0.6756756756756757,0.2,0.05132718303017468,-0.05405405405405406,-0.10810810810810811,0.0,0.09037893837087708,False,False,gate_iteration_needed,gate_iteration_needed,return_to_window_label_design
0.4,72,0.4861111111111111,0.4783783783783784,0.43833017077798864,0.4783783783783784,0.5,0.7567567567567568,0.6021505376344086,0.8,7,28,9,28,task_pre_all,task,pre_all,expanded154,154,dummy_most_frequent,all,aggregate,,72,,,0,0.4783783783783784,0.0,0.0,0.4472135954999579,0.4472135954999579,0.4741312741312741,0.40540540540540543,0.45714285714285713,0.11860781856964718,0.004247104247104283,0.35135135135135137,0.3428571428571429,-0.11860781856964718,False,False,window_label_review_required,gate_iteration_needed,return_to_window_label_design
0.5,72,0.4861111111111111,0.4783783783783784,0.43833017077798864,0.4783783783783784,0.5,0.7567567567567568,0.6021505376344086,0.8,7,28,9,28,task_pre_all,task,pre_all,expanded154,154,dummy_most_frequent,all,aggregate,,72,,,0,0.4783783783783784,0.0,0.0,0.4472135954999579,0.4472135954999579,0.4741312741312741,0.40540540540540543,0.45714285714285713,0.11860781856964718,0.004247104247104283,0.35135135135135137,0.3428571428571429,-0.11860781856964718,False,False,window_label_review_required,gate_iteration_needed,return_to_window_label_design
0.6,72,0.4861111111111111,0.4783783783783784,0.43833017077798864,0.4783783783783784,0.5,0.7567567567567568,0.6021505376344086,0.8,7,28,9,28,task_pre_all,task,pre_all,expanded154,154,dummy_most_frequent,all,aggregate,,72,,,0,0.4783783783783784,0.0,0.0,0.4472135954999579,0.4472135954999579,0.4741312741312741,0.40540540540540543,0.45714285714285713,0.11860781856964718,0.004247104247104283,0.35135135135135137,0.3428571428571429,-0.11860781856964718,False,False,window_label_review_required,gate_iteration_needed,return_to_window_label_design
0.4,72,0.6805555555555556,0.6799227799227799,0.6799999999999999,0.745945945945946,0.6842105263157895,0.7027027027027027,0.6933333333333334,0.34285714285714286,23,12,11,26,task_pre_all,task,pre_all,expanded154,154,lightgbm_balanced,all,aggregate,,72,,,0,0.4783783783783784,0.20154440154440156,0.08370923344934078,0.16399742745126342,0.2595128874940707,0.4741312741312741,0.40540540540540543,0.45714285714285713,0.11860781856964718,0.20579150579150585,0.2972972972972973,-0.11428571428571427,-0.0348985851203064,False,True,gate_iteration_needed,gate_iteration_needed,return_to_window_label_design
0.5,72,0.6666666666666666,0.6694980694980694,0.6643356643356644,0.745945945945946,0.7241379310344828,0.5675675675675675,0.6363636363636364,0.22857142857142856,27,8,16,21,task_pre_all,task,pre_all,expanded154,154,lightgbm_balanced,all,aggregate,,72,,,0,0.4783783783783784,0.19111969111969107,0.08370923344934078,0.16399742745126342,0.2595128874940707,0.4741312741312741,0.40540540540540543,0.45714285714285713,0.11860781856964718,0.19536679536679535,0.16216216216216212,-0.22857142857142856,-0.0348985851203064,False,True,gate_iteration_needed,gate_iteration_needed,return_to_window_label_design
0.6,72,0.6527777777777778,0.6567567567567567,0.6472663139329806,0.745945945945946,0.7307692307692307,0.5135135135135135,0.6031746031746031,0.2,28,7,18,19,task_pre_all,task,pre_all,expanded154,154,lightgbm_balanced,all,aggregate,,72,,,0,0.4783783783783784,0.17837837837837833,0.08370923344934078,0.16399742745126342,0.2595128874940707,0.4741312741312741,0.40540540540540543,0.45714285714285713,0.11860781856964718,0.18262548262548262,0.10810810810810806,-0.2571428571428571,-0.0348985851203064,False,True,gate_iteration_needed,gate_iteration_needed,return_to_window_label_design
0.4,72,0.4861111111111111,0.48532818532818534,0.4852173913043478,0.522007722007722,0.5,0.5135135135135135,0.5066666666666667,0.5428571428571428,16,19,18,19,task_pre_all,task,pre_all,expanded154,154,logistic_balanced,all,aggregate,,72,,,0,0.4783783783783784,0.006949806949806958,0.11860781856964718,0.1739277158480961,0.11952286093343935,0.4741312741312741,0.40540540540540543,0.45714285714285713,0.11860781856964718,0.011196911196911241,0.10810810810810806,0.08571428571428569,0.0,False,False,window_label_review_required,gate_iteration_needed,return_to_window_label_design
0.5,72,0.4722222222222222,0.4741312741312741,0.47058823529411764,0.522007722007722,0.4838709677419355,0.40540540540540543,0.4411764705882353,0.45714285714285713,19,16,22,15,task_pre_all,task,pre_all,expanded154,154,logistic_balanced,all,aggregate,,72,,,0,0.4783783783783784,-0.004247104247104283,0.11860781856964718,0.1739277158480961,0.11952286093343935,0.4741312741312741,0.40540540540540543,0.45714285714285713,0.11860781856964718,0.0,0.0,0.0,0.0,False,False,window_label_review_required,gate_iteration_needed,return_to_window_label_design
0.6,72,0.4722222222222222,0.47644787644787645,0.4618410700236035,0.522007722007722,0.48,0.32432432432432434,0.3870967741935484,0.37142857142857144,22,13,25,12,task_pre_all,task,pre_all,expanded154,154,logistic_balanced,all,aggregate,,72,,,0,0.4783783783783784,-0.0019305019305019266,0.11860781856964718,0.1739277158480961,0.11952286093343935,0.4741312741312741,0.40540540540540543,0.45714285714285713,0.11860781856964718,0.0023166023166023564,-0.08108108108108109,-0.08571428571428569,0.0,False,False,window_label_review_required,gate_iteration_needed,return_to_window_label_design
0.4,72,0.6388888888888888,0.6370656370656371,0.6363636363636364,0.7552123552123552,0.6341463414634146,0.7027027027027027,0.6666666666666666,0.42857142857142855,20,15,11,26,task_pre_all,task,pre_all,expanded154,154,xgboost_balanced,all,aggregate,,72,,,0,0.4783783783783784,0.15868725868725875,0.04995116032423537,0.12141819646517,0.1564921592871903,0.4741312741312741,0.40540540540540543,0.45714285714285713,0.11860781856964718,0.16293436293436303,0.2972972972972973,-0.02857142857142858,-0.06865665824541181,False,True,gate_iteration_needed,gate_iteration_needed,return_to_window_label_design
0.5,72,0.6388888888888888,0.6401544401544401,0.6386100386100386,0.7552123552123552,0.6666666666666666,0.5945945945945946,0.6285714285714286,0.3142857142857143,24,11,15,22,task_pre_all,task,pre_all,expanded154,154,xgboost_balanced,all,aggregate,,72,,,0,0.4783783783783784,0.16177606177606174,0.04995116032423537,0.12141819646517,0.1564921592871903,0.4741312741312741,0.40540540540540543,0.45714285714285713,0.11860781856964718,0.16602316602316602,0.1891891891891892,-0.14285714285714285,-0.06865665824541181,False,True,gate_iteration_needed,gate_iteration_needed,return_to_window_label_design
0.6,72,0.6527777777777778,0.6590733590733591,0.6370235934664247,0.7552123552123552,0.8,0.43243243243243246,0.5614035087719298,0.11428571428571428,31,4,21,16,task_pre_all,task,pre_all,expanded154,154,xgboost_balanced,all,aggregate,,72,,,0,0.4783783783783784,0.1806949806949807,0.04995116032423537,0.12141819646517,0.1564921592871903,0.4741312741312741,0.40540540540540543,0.45714285714285713,0.11860781856964718,0.18494208494208497,0.02702702702702703,-0.34285714285714286,-0.06865665824541181,False,True,gate_iteration_needed,gate_iteration_needed,return_to_window_label_design
